IncidentID,CreatedDate,ResolvedDate,ServiceID,AssignedTeamID,Priority,ResolutionTimeHours,SLATargetHours,SLABreached,ReopenCount,RootCause,CustomerSatisfactionScore
INC-2026001,2026-02-10 20:49:00,2026-02-12 07:35:12,102,3,P3 - Medium,34.77,24.0,1,0,Database Deadlock / Query Timeout,4
INC-2026002,2026-02-07 15:36:00,2026-02-07 22:28:12,101,2,P2 - High,6.87,8.0,0,0,Memory Leak in Application Service,5
INC-2026003,2026-06-03 22:48:00,2026-06-05 03:15:36,102,2,P3 - Medium,28.46,24.0,1,0,Memory Leak in Application Service,5
INC-2026004,2026-01-10 23:52:00,2026-01-12 09:52:36,105,1,P4 - Low,34.01,48.0,0,0,User Credential Lockout,3
INC-2026005,2026-03-22 14:14:00,2026-03-22 22:18:48,101,1,P3 - Medium,8.08,24.0,0,0,Third-Party API Outage,4
INC-2026006,2026-02-28 11:07:00,2026-02-28 20:27:24,102,1,P3 - Medium,9.34,24.0,0,0,Database Deadlock / Query Timeout,4
INC-2026007,2026-05-03 21:12:00,2026-05-05 11:37:12,103,2,P3 - Medium,38.42,24.0,1,0,Third-Party API Outage,4
INC-2026008,2026-05-06 13:31:00,2026-05-07 08:23:12,104,1,P3 - Medium,18.87,24.0,0,0,Memory Leak in Application Service,3
INC-2026009,2026-02-15 18:44:00,2026-02-15 20:25:24,105,3,P1 - Critical,1.69,4.0,0,1,Network Packet Loss / Latency,5
INC-2026010,2026-05-13 00:00:00,2026-05-13 16:46:12,101,1,P3 - Medium,16.77,24.0,0,0,Unplanned Change Deployment,4
INC-2026011,2026-03-25 07:24:00,2026-03-25 14:54:00,102,2,P2 - High,7.5,8.0,0,0,Third-Party API Outage,5
INC-2026012,2026-02-07 02:33:00,2026-02-07 06:25:48,103,2,P2 - High,3.88,8.0,0,0,Database Deadlock / Query Timeout,4
INC-2026013,2026-05-16 02:41:00,2026-05-16 18:45:12,101,1,P3 - Medium,16.07,24.0,0,1,Memory Leak in Application Service,5
INC-2026014,2026-03-04 15:25:00,2026-03-05 06:12:24,104,2,P4 - Low,14.79,48.0,0,0,User Credential Lockout,5
INC-2026015,2026-04-09 14:50:00,2026-04-09 19:59:00,105,2,P2 - High,5.15,8.0,0,0,Database Deadlock / Query Timeout,4
INC-2026016,2026-04-29 09:37:00,2026-04-30 03:50:48,102,1,P3 - Medium,18.23,24.0,0,0,Third-Party API Outage,4
INC-2026017,2026-01-13 00:29:00,2026-01-13 04:00:48,101,2,P2 - High,3.53,8.0,0,0,Database Deadlock / Query Timeout,5
INC-2026018,2026-04-25 21:41:00,2026-04-25 23:47:00,104,3,P1 - Critical,2.1,4.0,0,0,Database Deadlock / Query Timeout,3
INC-2026019,2026-04-07 18:33:00,2026-04-08 03:04:12,105,3,P1 - Critical,8.52,4.0,1,0,Network Packet Loss / Latency,5
INC-2026020,2026-06-06 07:42:00,2026-06-07 04:48:00,102,1,P4 - Low,21.1,48.0,0,0,Database Deadlock / Query Timeout,3
INC-2026021,2026-07-05 20:18:00,2026-07-07 07:56:24,101,2,P4 - Low,35.64,48.0,0,0,Database Deadlock / Query Timeout,2
INC-2026022,2026-02-28 13:56:00,2026-03-01 00:56:36,101,1,P3 - Medium,11.01,24.0,0,0,User Credential Lockout,4
INC-2026023,2026-05-20 06:38:00,2026-05-21 06:32:00,103,1,P4 - Low,23.9,48.0,0,0,Memory Leak in Application Service,5
INC-2026024,2026-01-05 12:19:00,2026-01-05 21:47:12,105,1,P4 - Low,9.47,48.0,0,0,Third-Party API Outage,4
INC-2026025,2026-04-08 11:33:00,2026-04-08 20:53:24,103,1,P3 - Medium,9.34,24.0,0,0,User Credential Lockout,3
INC-2026026,2026-02-27 22:00:00,2026-02-28 01:38:24,103,3,P1 - Critical,3.64,4.0,0,0,Memory Leak in Application Service,4
INC-2026027,2026-03-07 09:05:00,2026-03-07 18:13:24,103,1,P4 - Low,9.14,48.0,0,0,Third-Party API Outage,5
INC-2026028,2026-07-05 04:01:00,2026-07-05 05:51:24,102,1,P2 - High,1.84,8.0,0,0,Memory Leak in Application Service,3
INC-2026029,2026-07-13 10:18:00,2026-07-14 15:32:24,104,2,P4 - Low,29.24,48.0,0,0,Configuration Drift,5
INC-2026030,2026-02-11 01:30:00,2026-02-12 18:09:00,103,1,P4 - Low,40.65,48.0,0,1,Database Deadlock / Query Timeout,4
INC-2026031,2026-01-22 10:09:00,2026-01-23 14:06:00,101,2,P4 - Low,27.95,48.0,0,0,Configuration Drift,3
INC-2026032,2026-06-27 06:38:00,2026-06-27 14:05:00,105,2,P2 - High,7.45,8.0,0,0,Third-Party API Outage,5
INC-2026033,2026-02-16 02:54:00,2026-02-16 09:51:36,105,3,P1 - Critical,6.96,4.0,1,0,Database Deadlock / Query Timeout,3
INC-2026034,2026-04-07 20:06:00,2026-04-08 01:01:12,102,2,P2 - High,4.92,8.0,0,1,Memory Leak in Application Service,4
INC-2026035,2026-03-15 13:41:00,2026-03-16 00:13:24,103,2,P3 - Medium,10.54,24.0,0,0,User Credential Lockout,5
INC-2026036,2026-07-08 18:38:00,2026-07-09 09:32:36,101,1,P4 - Low,14.91,48.0,0,0,Network Packet Loss / Latency,4
INC-2026037,2026-01-08 23:48:00,2026-01-09 02:09:36,102,1,P2 - High,2.36,8.0,0,0,Configuration Drift,4
INC-2026038,2026-01-27 04:20:00,2026-01-27 04:56:00,101,2,P1 - Critical,0.6,4.0,0,1,Configuration Drift,3
INC-2026039,2026-05-01 15:19:00,2026-05-02 02:28:36,104,2,P2 - High,11.16,8.0,1,2,Database Deadlock / Query Timeout,3
INC-2026040,2026-07-16 15:53:00,2026-07-19 01:38:36,105,2,P3 - Medium,57.76,24.0,1,0,Memory Leak in Application Service,5
INC-2026041,2026-06-22 10:15:00,2026-06-22 22:18:00,104,2,P3 - Medium,12.05,24.0,0,0,Database Deadlock / Query Timeout,4
INC-2026042,2026-02-04 16:13:00,2026-02-05 05:37:00,104,3,P2 - High,13.4,8.0,1,0,User Credential Lockout,3
INC-2026043,2026-06-20 08:55:00,2026-06-20 09:29:48,101,3,P1 - Critical,0.58,4.0,0,0,Configuration Drift,1
INC-2026044,2026-05-27 22:09:00,2026-05-28 16:52:48,101,1,P3 - Medium,18.73,24.0,0,0,Database Deadlock / Query Timeout,3
INC-2026045,2026-03-12 02:08:00,2026-03-12 13:41:00,104,1,P3 - Medium,11.55,24.0,0,1,Database Deadlock / Query Timeout,3
INC-2026046,2026-04-12 17:57:00,2026-04-13 14:11:24,101,1,P3 - Medium,20.24,24.0,0,1,User Credential Lockout,5
INC-2026047,2026-02-05 23:32:00,2026-02-06 19:31:24,101,2,P2 - High,19.99,8.0,1,0,Configuration Drift,4
INC-2026048,2026-03-28 09:30:00,2026-03-28 21:48:36,102,1,P3 - Medium,12.31,24.0,0,0,Third-Party API Outage,5
INC-2026049,2026-05-27 08:20:00,2026-05-27 19:51:12,101,2,P4 - Low,11.52,48.0,0,0,User Credential Lockout,4
INC-2026050,2026-04-07 21:22:00,2026-04-08 15:47:12,103,2,P3 - Medium,18.42,24.0,0,1,User Credential Lockout,5
INC-2026051,2026-06-27 12:35:00,2026-06-27 21:02:00,101,1,P3 - Medium,8.45,24.0,0,0,Memory Leak in Application Service,5
INC-2026052,2026-07-17 17:46:00,2026-07-19 05:52:36,101,1,P3 - Medium,36.11,24.0,1,0,Memory Leak in Application Service,4
INC-2026053,2026-06-23 22:14:00,2026-06-24 01:32:00,102,2,P1 - Critical,3.3,4.0,0,0,Configuration Drift,4
INC-2026054,2026-07-05 05:28:00,2026-07-06 13:08:12,105,1,P3 - Medium,31.67,24.0,1,0,Configuration Drift,3
INC-2026055,2026-03-27 23:14:00,2026-03-28 20:50:36,105,2,P3 - Medium,21.61,24.0,0,0,Database Deadlock / Query Timeout,5
INC-2026056,2026-01-15 19:16:00,2026-01-16 06:13:00,105,1,P3 - Medium,10.95,24.0,0,0,Memory Leak in Application Service,4
INC-2026057,2026-07-10 16:08:00,2026-07-10 18:42:12,103,2,P2 - High,2.57,8.0,0,1,Database Deadlock / Query Timeout,4
INC-2026058,2026-04-08 00:58:00,2026-04-09 09:10:00,103,2,P4 - Low,32.2,48.0,0,0,User Credential Lockout,4
INC-2026059,2026-04-26 10:47:00,2026-04-27 08:16:24,101,1,P3 - Medium,21.49,24.0,0,0,User Credential Lockout,5
INC-2026060,2026-02-06 17:38:00,2026-02-07 04:30:12,103,1,P2 - High,10.87,8.0,1,0,Database Deadlock / Query Timeout,3
INC-2026061,2026-05-08 09:41:00,2026-05-10 02:21:12,103,3,P4 - Low,40.67,48.0,0,1,Network Packet Loss / Latency,4
INC-2026062,2026-02-27 18:24:00,2026-02-27 20:39:00,103,3,P1 - Critical,2.25,4.0,0,0,Memory Leak in Application Service,5
INC-2026063,2026-07-12 21:57:00,2026-07-17 09:13:12,103,2,P4 - Low,107.27,48.0,1,0,Unplanned Change Deployment,4
INC-2026064,2026-02-08 01:09:00,2026-02-08 11:25:48,101,1,P4 - Low,10.28,48.0,0,0,Configuration Drift,4
INC-2026065,2026-02-26 22:19:00,2026-02-28 03:47:48,103,2,P4 - Low,29.48,48.0,0,0,Database Deadlock / Query Timeout,2
INC-2026066,2026-04-07 10:43:00,2026-04-07 18:14:12,101,3,P3 - Medium,7.52,24.0,0,0,Configuration Drift,4
INC-2026067,2026-06-04 13:15:00,2026-06-04 19:51:00,103,2,P4 - Low,6.6,48.0,0,0,Third-Party API Outage,5
INC-2026068,2026-02-17 23:07:00,2026-02-18 06:51:24,104,1,P3 - Medium,7.74,24.0,0,0,Memory Leak in Application Service,5
INC-2026069,2026-06-06 01:11:00,2026-06-06 10:32:36,102,3,P4 - Low,9.36,48.0,0,0,Memory Leak in Application Service,4
INC-2026070,2026-01-14 10:49:00,2026-01-15 15:23:12,102,2,P4 - Low,28.57,48.0,0,0,User Credential Lockout,5
INC-2026071,2026-02-16 17:38:00,2026-02-19 21:24:48,101,1,P4 - Low,75.78,48.0,1,0,Network Packet Loss / Latency,2
INC-2026072,2026-03-18 19:40:00,2026-03-19 11:40:36,103,1,P3 - Medium,16.01,24.0,0,0,Third-Party API Outage,4
INC-2026073,2026-05-29 06:58:00,2026-05-29 12:52:00,102,2,P2 - High,5.9,8.0,0,0,Third-Party API Outage,1
INC-2026074,2026-03-01 11:57:00,2026-03-03 01:49:48,104,1,P4 - Low,37.88,48.0,0,0,Configuration Drift,4
INC-2026075,2026-03-07 15:16:00,2026-03-08 09:37:00,104,1,P4 - Low,18.35,48.0,0,0,Third-Party API Outage,2
INC-2026076,2026-04-01 16:31:00,2026-04-01 19:35:48,101,3,P1 - Critical,3.08,4.0,0,0,User Credential Lockout,4
INC-2026077,2026-01-15 10:22:00,2026-01-15 17:18:24,104,3,P3 - Medium,6.94,24.0,0,0,Network Packet Loss / Latency,4
INC-2026078,2026-04-22 10:47:00,2026-04-24 03:08:00,102,1,P4 - Low,40.35,48.0,0,0,Configuration Drift,2
INC-2026079,2026-03-12 15:35:00,2026-03-12 16:56:00,101,3,P1 - Critical,1.35,4.0,0,0,Third-Party API Outage,4
INC-2026080,2026-04-12 23:01:00,2026-04-13 11:48:24,105,1,P3 - Medium,12.79,24.0,0,0,Network Packet Loss / Latency,4
INC-2026081,2026-01-11 09:10:00,2026-01-13 20:08:12,102,2,P3 - Medium,58.97,24.0,1,0,Memory Leak in Application Service,4
INC-2026082,2026-04-07 23:40:00,2026-04-11 19:35:12,103,2,P4 - Low,91.92,48.0,1,0,Unplanned Change Deployment,4
INC-2026083,2026-04-25 12:57:00,2026-04-26 11:25:48,101,1,P3 - Medium,22.48,24.0,0,0,User Credential Lockout,5
INC-2026084,2026-03-11 12:56:00,2026-03-11 15:44:36,101,2,P1 - Critical,2.81,4.0,0,0,Memory Leak in Application Service,2
INC-2026085,2026-07-16 09:03:00,2026-07-18 04:12:36,102,2,P4 - Low,43.16,48.0,0,0,Network Packet Loss / Latency,2
INC-2026086,2026-06-07 08:44:00,2026-06-09 09:03:12,103,1,P3 - Medium,48.32,24.0,1,0,Memory Leak in Application Service,4
INC-2026087,2026-04-25 15:02:00,2026-04-25 19:58:24,103,2,P3 - Medium,4.94,24.0,0,0,Memory Leak in Application Service,2
INC-2026088,2026-04-23 22:34:00,2026-04-24 07:37:00,103,2,P3 - Medium,9.05,24.0,0,0,Memory Leak in Application Service,5
INC-2026089,2026-02-16 16:15:00,2026-02-17 08:12:36,104,1,P3 - Medium,15.96,24.0,0,0,Unplanned Change Deployment,4
INC-2026090,2026-03-05 16:40:00,2026-03-05 18:05:12,105,3,P1 - Critical,1.42,4.0,0,1,Third-Party API Outage,4
INC-2026091,2026-01-01 11:32:00,2026-01-01 18:13:24,105,2,P3 - Medium,6.69,24.0,0,0,Memory Leak in Application Service,4
INC-2026092,2026-04-28 15:51:00,2026-04-29 14:41:24,102,1,P4 - Low,22.84,48.0,0,1,Memory Leak in Application Service,5
INC-2026093,2026-06-22 14:45:00,2026-06-22 22:04:48,102,1,P2 - High,7.33,8.0,0,0,Unplanned Change Deployment,1
INC-2026094,2026-02-01 04:57:00,2026-02-01 10:15:36,105,2,P2 - High,5.31,8.0,0,0,Network Packet Loss / Latency,4
INC-2026095,2026-02-04 08:01:00,2026-02-05 19:28:00,103,1,P4 - Low,35.45,48.0,0,0,Database Deadlock / Query Timeout,4
INC-2026096,2026-03-14 20:01:00,2026-03-15 04:57:24,104,2,P2 - High,8.94,8.0,1,0,Memory Leak in Application Service,5
INC-2026097,2026-01-27 20:22:00,2026-01-28 16:50:48,105,2,P3 - Medium,20.48,24.0,0,0,Database Deadlock / Query Timeout,3
INC-2026098,2026-05-21 03:15:00,2026-05-21 18:00:00,101,2,P4 - Low,14.75,48.0,0,2,Third-Party API Outage,4
INC-2026099,2026-02-09 03:22:00,2026-02-09 10:13:36,105,2,P3 - Medium,6.86,24.0,0,0,User Credential Lockout,5
INC-2026100,2026-01-19 14:48:00,2026-01-21 09:01:48,101,1,P4 - Low,42.23,48.0,0,0,User Credential Lockout,5
INC-2026101,2026-02-18 21:08:00,2026-02-19 02:28:24,105,3,P2 - High,5.34,8.0,0,0,Memory Leak in Application Service,5
INC-2026102,2026-04-26 20:35:00,2026-04-27 17:10:24,105,2,P3 - Medium,20.59,24.0,0,0,Third-Party API Outage,1
INC-2026103,2026-07-04 02:49:00,2026-07-05 20:37:00,104,1,P4 - Low,41.8,48.0,0,0,Database Deadlock / Query Timeout,5
INC-2026104,2026-06-23 03:46:00,2026-06-24 15:14:12,103,1,P4 - Low,35.47,48.0,0,0,Third-Party API Outage,4
INC-2026105,2026-07-10 03:11:00,2026-07-10 05:36:48,104,2,P2 - High,2.43,8.0,0,0,Configuration Drift,5
INC-2026106,2026-04-15 08:43:00,2026-04-16 03:13:00,105,2,P4 - Low,18.5,48.0,0,0,Configuration Drift,4
INC-2026107,2026-02-20 17:07:00,2026-02-20 18:49:00,102,3,P1 - Critical,1.7,4.0,0,0,Unplanned Change Deployment,5
INC-2026108,2026-03-20 05:32:00,2026-03-21 20:54:48,105,1,P3 - Medium,39.38,24.0,1,0,User Credential Lockout,5
INC-2026109,2026-06-01 17:05:00,2026-06-03 23:15:48,104,1,P3 - Medium,54.18,24.0,1,0,Third-Party API Outage,5
INC-2026110,2026-01-08 10:40:00,2026-01-08 13:40:00,104,3,P1 - Critical,3.0,4.0,0,0,User Credential Lockout,2
INC-2026111,2026-01-03 11:31:00,2026-01-03 14:20:48,104,3,P2 - High,2.83,8.0,0,0,Third-Party API Outage,4
INC-2026112,2026-06-02 21:27:00,2026-06-04 08:13:12,105,3,P4 - Low,34.77,48.0,0,2,Database Deadlock / Query Timeout,5
INC-2026113,2026-06-28 02:12:00,2026-06-28 13:29:24,101,1,P3 - Medium,11.29,24.0,0,0,User Credential Lockout,4
INC-2026114,2026-05-03 17:08:00,2026-05-04 11:48:48,102,3,P3 - Medium,18.68,24.0,0,0,Third-Party API Outage,4
INC-2026115,2026-06-20 12:07:00,2026-06-20 15:50:48,105,3,P1 - Critical,3.73,4.0,0,0,Configuration Drift,3
INC-2026116,2026-05-24 19:00:00,2026-05-25 00:18:36,101,2,P2 - High,5.31,8.0,0,0,Unplanned Change Deployment,4
INC-2026117,2026-06-06 09:16:00,2026-06-09 19:47:48,101,1,P4 - Low,82.53,48.0,1,0,Network Packet Loss / Latency,5
INC-2026118,2026-05-19 08:39:00,2026-05-19 12:32:24,103,3,P2 - High,3.89,8.0,0,0,Third-Party API Outage,5
INC-2026119,2026-05-19 08:51:00,2026-05-19 12:28:48,104,3,P1 - Critical,3.63,4.0,0,0,Network Packet Loss / Latency,5
INC-2026120,2026-01-31 03:42:00,2026-01-31 06:39:00,101,3,P1 - Critical,2.95,4.0,0,1,Network Packet Loss / Latency,4
INC-2026121,2026-03-23 23:16:00,2026-03-24 17:36:24,101,2,P3 - Medium,18.34,24.0,0,0,Third-Party API Outage,4
INC-2026122,2026-01-12 15:08:00,2026-01-12 21:36:12,101,3,P3 - Medium,6.47,24.0,0,0,Memory Leak in Application Service,4
INC-2026123,2026-02-25 19:32:00,2026-02-26 19:39:12,101,2,P4 - Low,24.12,48.0,0,0,Memory Leak in Application Service,4
INC-2026124,2026-03-21 16:36:00,2026-03-21 19:08:24,103,2,P2 - High,2.54,8.0,0,0,Database Deadlock / Query Timeout,4
INC-2026125,2026-02-12 00:48:00,2026-02-12 06:32:24,103,1,P3 - Medium,5.74,24.0,0,1,Configuration Drift,5
INC-2026126,2026-01-10 16:22:00,2026-01-11 06:31:00,104,1,P3 - Medium,14.15,24.0,0,0,User Credential Lockout,5
INC-2026127,2026-03-14 13:01:00,2026-03-16 14:14:48,102,1,P3 - Medium,49.23,24.0,1,1,Configuration Drift,5
INC-2026128,2026-04-21 03:16:00,2026-04-22 08:34:00,101,2,P4 - Low,29.3,48.0,0,0,Third-Party API Outage,4
INC-2026129,2026-01-16 06:52:00,2026-01-17 05:08:48,103,2,P4 - Low,22.28,48.0,0,0,Configuration Drift,1
INC-2026130,2026-07-04 13:09:00,2026-07-04 15:48:36,104,2,P3 - Medium,2.66,24.0,0,2,Third-Party API Outage,3
INC-2026131,2026-06-28 19:26:00,2026-07-01 06:04:24,104,1,P3 - Medium,58.64,24.0,1,1,Unplanned Change Deployment,5
INC-2026132,2026-02-26 00:51:00,2026-02-27 11:35:24,103,1,P4 - Low,34.74,48.0,0,0,Memory Leak in Application Service,4
INC-2026133,2026-07-16 06:37:00,2026-07-16 08:35:48,105,3,P1 - Critical,1.98,4.0,0,0,Network Packet Loss / Latency,5
INC-2026134,2026-04-28 16:20:00,2026-04-30 07:01:24,101,1,P4 - Low,38.69,48.0,0,0,Network Packet Loss / Latency,5
INC-2026135,2026-06-14 11:10:00,2026-06-15 10:55:36,105,1,P4 - Low,23.76,48.0,0,0,Unplanned Change Deployment,3
INC-2026136,2026-05-19 07:39:00,2026-05-20 08:37:12,103,2,P4 - Low,24.97,48.0,0,0,Database Deadlock / Query Timeout,4
INC-2026137,2026-06-27 20:16:00,2026-06-28 14:56:48,103,1,P3 - Medium,18.68,24.0,0,0,Network Packet Loss / Latency,4
INC-2026138,2026-04-11 22:04:00,2026-04-12 11:00:24,102,2,P3 - Medium,12.94,24.0,0,0,Configuration Drift,5
INC-2026139,2026-03-30 05:00:00,2026-03-30 17:22:12,102,1,P3 - Medium,12.37,24.0,0,0,Unplanned Change Deployment,4
INC-2026140,2026-06-23 16:09:00,2026-06-23 20:17:24,101,1,P2 - High,4.14,8.0,0,0,Configuration Drift,4
INC-2026141,2026-04-18 11:04:00,2026-04-19 03:34:36,103,1,P3 - Medium,16.51,24.0,0,0,Unplanned Change Deployment,1
INC-2026142,2026-05-15 16:32:00,2026-05-16 05:45:48,104,1,P3 - Medium,13.23,24.0,0,0,Unplanned Change Deployment,4
INC-2026143,2026-05-01 18:29:00,2026-05-02 17:47:36,103,1,P4 - Low,23.31,48.0,0,0,Network Packet Loss / Latency,5
INC-2026144,2026-03-26 06:28:00,2026-03-27 14:22:00,101,2,P3 - Medium,31.9,24.0,1,0,Unplanned Change Deployment,5
INC-2026145,2026-07-15 10:27:00,2026-07-15 15:56:24,102,3,P2 - High,5.49,8.0,0,0,Database Deadlock / Query Timeout,4
INC-2026146,2026-06-26 14:59:00,2026-06-27 05:24:48,105,3,P3 - Medium,14.43,24.0,0,0,Memory Leak in Application Service,4
INC-2026147,2026-04-14 08:52:00,2026-04-15 04:15:24,103,1,P3 - Medium,19.39,24.0,0,0,Database Deadlock / Query Timeout,3
INC-2026148,2026-05-12 17:25:00,2026-05-12 18:19:00,105,2,P2 - High,0.9,8.0,0,0,Database Deadlock / Query Timeout,4
INC-2026149,2026-04-11 04:58:00,2026-04-11 13:59:48,103,2,P2 - High,9.03,8.0,1,1,Unplanned Change Deployment,4
INC-2026150,2026-02-16 07:26:00,2026-02-17 01:11:36,101,1,P3 - Medium,17.76,24.0,0,0,Third-Party API Outage,2
INC-2026151,2026-01-05 19:10:00,2026-01-05 23:09:24,104,2,P2 - High,3.99,8.0,0,0,Network Packet Loss / Latency,2
INC-2026152,2026-03-09 10:59:00,2026-03-09 13:30:12,104,2,P2 - High,2.52,8.0,0,0,Configuration Drift,4
INC-2026153,2026-01-25 02:58:00,2026-01-25 06:52:36,101,2,P3 - Medium,3.91,24.0,0,0,Database Deadlock / Query Timeout,5
INC-2026154,2026-02-24 15:42:00,2026-02-25 13:27:36,101,1,P3 - Medium,21.76,24.0,0,0,Database Deadlock / Query Timeout,5
INC-2026155,2026-02-13 11:02:00,2026-02-13 12:50:36,105,2,P1 - Critical,1.81,4.0,0,0,Third-Party API Outage,5
INC-2026156,2026-03-24 12:05:00,2026-03-24 15:28:24,104,2,P2 - High,3.39,8.0,0,0,Network Packet Loss / Latency,4
INC-2026157,2026-06-06 11:10:00,2026-06-07 02:14:12,105,1,P3 - Medium,15.07,24.0,0,0,Unplanned Change Deployment,5
INC-2026158,2026-02-06 11:06:00,2026-02-06 12:12:36,102,2,P1 - Critical,1.11,4.0,0,0,Network Packet Loss / Latency,5
INC-2026159,2026-01-30 21:25:00,2026-01-31 03:22:00,101,1,P3 - Medium,5.95,24.0,0,0,Database Deadlock / Query Timeout,4
INC-2026160,2026-01-02 07:22:00,2026-01-02 23:49:36,104,1,P3 - Medium,16.46,24.0,0,0,Network Packet Loss / Latency,4
INC-2026161,2026-01-13 05:12:00,2026-01-13 08:00:00,104,2,P1 - Critical,2.8,4.0,0,0,Configuration Drift,4
INC-2026162,2026-03-27 07:41:00,2026-03-27 13:50:36,105,3,P2 - High,6.16,8.0,0,0,Unplanned Change Deployment,4
INC-2026163,2026-03-14 08:34:00,2026-03-15 11:35:12,102,1,P4 - Low,27.02,48.0,0,0,Network Packet Loss / Latency,4
INC-2026164,2026-02-22 02:52:00,2026-02-23 09:50:12,103,2,P3 - Medium,30.97,24.0,1,0,Memory Leak in Application Service,3
INC-2026165,2026-04-16 09:55:00,2026-04-16 13:54:24,103,2,P2 - High,3.99,8.0,0,0,Unplanned Change Deployment,4
INC-2026166,2026-05-27 21:10:00,2026-05-28 09:46:36,104,3,P3 - Medium,12.61,24.0,0,0,User Credential Lockout,3
INC-2026167,2026-01-30 14:54:00,2026-01-30 21:45:00,103,2,P2 - High,6.85,8.0,0,0,Memory Leak in Application Service,3
INC-2026168,2026-04-02 11:44:00,2026-04-02 22:47:36,105,2,P2 - High,11.06,8.0,1,0,Memory Leak in Application Service,5
INC-2026169,2026-01-08 21:16:00,2026-01-09 02:38:12,103,2,P2 - High,5.37,8.0,0,0,Memory Leak in Application Service,5
INC-2026170,2026-01-15 23:32:00,2026-01-16 01:31:24,105,2,P2 - High,1.99,8.0,0,1,Unplanned Change Deployment,5
INC-2026171,2026-06-11 08:15:00,2026-06-11 20:27:00,105,1,P4 - Low,12.2,48.0,0,0,User Credential Lockout,4
INC-2026172,2026-06-29 08:45:00,2026-06-30 08:43:48,104,1,P4 - Low,23.98,48.0,0,0,Network Packet Loss / Latency,4
INC-2026173,2026-04-28 05:26:00,2026-04-29 21:14:00,103,1,P4 - Low,39.8,48.0,0,0,User Credential Lockout,4
INC-2026174,2026-06-30 17:28:00,2026-07-01 15:08:48,105,1,P3 - Medium,21.68,24.0,0,0,Configuration Drift,4
INC-2026175,2026-06-15 22:19:00,2026-06-16 09:38:48,101,2,P2 - High,11.33,8.0,1,0,Third-Party API Outage,4
INC-2026176,2026-05-28 11:44:00,2026-05-29 06:57:48,101,1,P3 - Medium,19.23,24.0,0,0,Unplanned Change Deployment,3
INC-2026177,2026-07-17 21:15:00,2026-07-17 21:49:48,105,3,P1 - Critical,0.58,4.0,0,0,Network Packet Loss / Latency,5
INC-2026178,2026-07-01 19:53:00,2026-07-02 01:51:12,102,2,P2 - High,5.97,8.0,0,0,Network Packet Loss / Latency,4
INC-2026179,2026-07-20 07:09:00,2026-07-21 18:22:12,104,1,P3 - Medium,35.22,24.0,1,0,Configuration Drift,5
INC-2026180,2026-01-11 20:15:00,2026-01-13 01:53:24,102,3,P4 - Low,29.64,48.0,0,0,Unplanned Change Deployment,5
INC-2026181,2026-02-27 23:55:00,2026-02-28 05:16:36,104,1,P4 - Low,5.36,48.0,0,0,Configuration Drift,5
INC-2026182,2026-03-24 03:27:00,2026-03-25 00:28:12,104,2,P3 - Medium,21.02,24.0,0,0,Configuration Drift,5
INC-2026183,2026-02-26 09:25:00,2026-02-26 15:05:12,105,2,P2 - High,5.67,8.0,0,0,Unplanned Change Deployment,5
INC-2026184,2026-04-10 21:13:00,2026-04-11 09:27:24,104,1,P3 - Medium,12.24,24.0,0,0,Database Deadlock / Query Timeout,5
INC-2026185,2026-06-16 15:27:00,2026-06-17 01:40:48,105,2,P3 - Medium,10.23,24.0,0,0,Memory Leak in Application Service,4
INC-2026186,2026-02-20 00:49:00,2026-02-20 08:51:24,104,1,P3 - Medium,8.04,24.0,0,0,Network Packet Loss / Latency,4
INC-2026187,2026-07-05 04:40:00,2026-07-05 05:29:12,103,3,P2 - High,0.82,8.0,0,0,Third-Party API Outage,4
INC-2026188,2026-06-28 14:32:00,2026-06-29 13:33:12,104,2,P4 - Low,23.02,48.0,0,0,Network Packet Loss / Latency,5
INC-2026189,2026-05-02 08:54:00,2026-05-02 22:23:24,104,1,P3 - Medium,13.49,24.0,0,0,Network Packet Loss / Latency,5
INC-2026190,2026-03-11 00:28:00,2026-03-11 07:44:12,104,1,P3 - Medium,7.27,24.0,0,1,Database Deadlock / Query Timeout,5
INC-2026191,2026-05-30 21:24:00,2026-05-31 14:26:24,104,2,P2 - High,17.04,8.0,1,0,User Credential Lockout,5
INC-2026192,2026-02-25 17:06:00,2026-02-25 17:37:48,105,3,P1 - Critical,0.53,4.0,0,0,Memory Leak in Application Service,5
INC-2026193,2026-05-02 05:00:00,2026-05-03 01:13:48,104,2,P3 - Medium,20.23,24.0,0,0,Configuration Drift,5
INC-2026194,2026-07-11 19:49:00,2026-07-11 20:43:00,102,2,P2 - High,0.9,8.0,0,0,User Credential Lockout,3
INC-2026195,2026-02-26 12:49:00,2026-02-27 06:17:12,103,3,P2 - High,17.47,8.0,1,0,Network Packet Loss / Latency,4
INC-2026196,2026-05-26 01:15:00,2026-05-26 21:01:48,105,1,P3 - Medium,19.78,24.0,0,0,User Credential Lockout,4
INC-2026197,2026-04-26 15:01:00,2026-04-26 21:50:48,104,3,P2 - High,6.83,8.0,0,0,Third-Party API Outage,4
INC-2026198,2026-07-17 07:28:00,2026-07-18 11:02:48,103,3,P3 - Medium,27.58,24.0,1,0,Database Deadlock / Query Timeout,4
INC-2026199,2026-02-03 05:44:00,2026-02-03 10:08:36,101,2,P3 - Medium,4.41,24.0,0,0,User Credential Lockout,5
INC-2026200,2026-03-02 21:43:00,2026-03-04 15:22:36,101,1,P4 - Low,41.66,48.0,0,0,Network Packet Loss / Latency,5
INC-2026201,2026-01-21 18:22:00,2026-01-22 04:25:00,102,1,P3 - Medium,10.05,24.0,0,0,Database Deadlock / Query Timeout,4
INC-2026202,2026-07-13 17:24:00,2026-07-14 09:42:36,102,2,P3 - Medium,16.31,24.0,0,1,Database Deadlock / Query Timeout,5
INC-2026203,2026-03-06 01:46:00,2026-03-08 09:16:36,105,1,P3 - Medium,55.51,24.0,1,2,Unplanned Change Deployment,5
INC-2026204,2026-03-30 00:24:00,2026-03-30 05:10:12,102,3,P2 - High,4.77,8.0,0,0,User Credential Lockout,4
INC-2026205,2026-04-03 19:17:00,2026-04-04 11:17:00,104,1,P3 - Medium,16.0,24.0,0,0,Network Packet Loss / Latency,4
INC-2026206,2026-07-19 08:14:00,2026-07-20 07:03:12,103,1,P4 - Low,22.82,48.0,0,0,Memory Leak in Application Service,4
INC-2026207,2026-04-20 06:02:00,2026-04-20 17:05:36,103,3,P3 - Medium,11.06,24.0,0,0,User Credential Lockout,4
INC-2026208,2026-04-21 07:58:00,2026-04-21 18:13:00,104,1,P3 - Medium,10.25,24.0,0,0,Configuration Drift,4
INC-2026209,2026-03-28 16:44:00,2026-03-28 19:58:24,103,2,P2 - High,3.24,8.0,0,0,Unplanned Change Deployment,4
INC-2026210,2026-04-18 19:45:00,2026-04-23 07:55:12,104,1,P4 - Low,108.17,48.0,1,0,Network Packet Loss / Latency,4
INC-2026211,2026-01-04 06:45:00,2026-01-04 09:28:48,101,3,P1 - Critical,2.73,4.0,0,0,Memory Leak in Application Service,5
INC-2026212,2026-07-01 04:28:00,2026-07-01 11:24:24,102,2,P2 - High,6.94,8.0,0,0,Memory Leak in Application Service,5
INC-2026213,2026-05-09 14:37:00,2026-05-09 20:53:48,103,1,P3 - Medium,6.28,24.0,0,0,Unplanned Change Deployment,5
INC-2026214,2026-02-20 03:11:00,2026-02-20 10:07:24,101,3,P2 - High,6.94,8.0,0,0,Network Packet Loss / Latency,3
INC-2026215,2026-06-10 19:58:00,2026-06-11 02:17:12,102,3,P1 - Critical,6.32,4.0,1,0,Configuration Drift,2
INC-2026216,2026-04-18 18:42:00,2026-04-19 16:27:00,102,1,P4 - Low,21.75,48.0,0,0,Database Deadlock / Query Timeout,4
INC-2026217,2026-07-16 17:25:00,2026-07-17 03:16:36,105,1,P3 - Medium,9.86,24.0,0,0,Network Packet Loss / Latency,3
INC-2026218,2026-03-02 05:48:00,2026-03-03 20:15:00,104,3,P4 - Low,38.45,48.0,0,0,Third-Party API Outage,4
INC-2026219,2026-04-18 18:59:00,2026-04-19 04:17:36,101,1,P3 - Medium,9.31,24.0,0,0,User Credential Lockout,3
INC-2026220,2026-01-28 17:58:00,2026-01-31 04:47:48,104,2,P3 - Medium,58.83,24.0,1,0,Third-Party API Outage,3
INC-2026221,2026-05-14 12:11:00,2026-05-15 01:09:48,103,2,P2 - High,12.98,8.0,1,0,Memory Leak in Application Service,3
INC-2026222,2026-02-15 07:56:00,2026-02-16 16:11:00,103,1,P4 - Low,32.25,48.0,0,0,Memory Leak in Application Service,3
INC-2026223,2026-05-20 01:27:00,2026-05-20 08:38:24,101,2,P2 - High,7.19,8.0,0,0,Unplanned Change Deployment,5
INC-2026224,2026-03-27 11:10:00,2026-03-28 17:14:48,105,1,P4 - Low,30.08,48.0,0,0,Network Packet Loss / Latency,3
INC-2026225,2026-03-22 22:20:00,2026-03-23 03:27:12,104,3,P2 - High,5.12,8.0,0,0,Unplanned Change Deployment,2
INC-2026226,2026-04-21 08:34:00,2026-04-21 10:09:24,101,1,P2 - High,1.59,8.0,0,0,Configuration Drift,4
INC-2026227,2026-04-22 03:34:00,2026-04-22 08:20:12,102,2,P3 - Medium,4.77,24.0,0,0,Memory Leak in Application Service,4
INC-2026228,2026-02-19 17:27:00,2026-02-19 20:46:12,105,2,P2 - High,3.32,8.0,0,0,User Credential Lockout,4
INC-2026229,2026-02-26 14:14:00,2026-02-27 05:59:36,104,1,P3 - Medium,15.76,24.0,0,0,Memory Leak in Application Service,4
INC-2026230,2026-05-29 22:10:00,2026-05-30 00:52:00,103,3,P2 - High,2.7,8.0,0,0,Database Deadlock / Query Timeout,3
INC-2026231,2026-06-11 18:20:00,2026-06-12 08:45:48,103,1,P4 - Low,14.43,48.0,0,1,Configuration Drift,5
INC-2026232,2026-05-15 01:49:00,2026-05-16 00:10:00,103,1,P3 - Medium,22.35,24.0,0,0,Configuration Drift,4
INC-2026233,2026-05-26 06:59:00,2026-05-27 05:08:00,104,1,P3 - Medium,22.15,24.0,0,0,Configuration Drift,5
INC-2026234,2026-03-19 13:24:00,2026-03-20 18:33:36,101,1,P4 - Low,29.16,48.0,0,0,Configuration Drift,4
INC-2026235,2026-05-02 18:14:00,2026-05-02 19:03:48,105,3,P1 - Critical,0.83,4.0,0,0,Database Deadlock / Query Timeout,4
INC-2026236,2026-01-26 07:31:00,2026-01-26 12:05:12,105,2,P2 - High,4.57,8.0,0,0,Database Deadlock / Query Timeout,5
INC-2026237,2026-03-27 03:58:00,2026-03-27 05:46:00,105,1,P2 - High,1.8,8.0,0,0,Configuration Drift,5
INC-2026238,2026-04-12 06:51:00,2026-04-12 17:33:00,102,1,P4 - Low,10.7,48.0,0,0,Memory Leak in Application Service,4
INC-2026239,2026-04-02 14:14:00,2026-04-02 15:47:00,101,3,P2 - High,1.55,8.0,0,0,Database Deadlock / Query Timeout,4
INC-2026240,2026-01-06 17:51:00,2026-01-07 12:19:48,105,1,P3 - Medium,18.48,24.0,0,0,Network Packet Loss / Latency,5
INC-2026241,2026-01-07 01:53:00,2026-01-07 03:02:36,104,2,P2 - High,1.16,8.0,0,0,Memory Leak in Application Service,4
INC-2026242,2026-02-11 17:04:00,2026-02-11 21:06:24,103,2,P2 - High,4.04,8.0,0,0,Memory Leak in Application Service,4
INC-2026243,2026-02-10 00:55:00,2026-02-10 07:50:12,105,1,P3 - Medium,6.92,24.0,0,0,Configuration Drift,5
INC-2026244,2026-07-10 04:30:00,2026-07-10 20:01:12,101,1,P3 - Medium,15.52,24.0,0,0,Configuration Drift,4
INC-2026245,2026-06-24 17:24:00,2026-06-25 04:30:00,101,1,P3 - Medium,11.1,24.0,0,0,User Credential Lockout,4
INC-2026246,2026-06-11 19:54:00,2026-06-12 23:54:36,105,2,P3 - Medium,28.01,24.0,1,0,Database Deadlock / Query Timeout,2
INC-2026247,2026-01-25 05:56:00,2026-01-27 04:51:48,105,1,P3 - Medium,46.93,24.0,1,0,Memory Leak in Application Service,4
INC-2026248,2026-04-29 17:30:00,2026-04-29 22:21:36,103,3,P2 - High,4.86,8.0,0,0,User Credential Lockout,4
INC-2026249,2026-07-04 09:34:00,2026-07-04 11:02:12,101,2,P2 - High,1.47,8.0,0,0,Third-Party API Outage,2
INC-2026250,2026-03-20 14:54:00,2026-03-22 07:55:48,104,1,P4 - Low,41.03,48.0,0,1,Network Packet Loss / Latency,4
INC-2026251,2026-06-15 10:44:00,2026-06-15 16:29:36,103,2,P2 - High,5.76,8.0,0,0,User Credential Lockout,5
INC-2026252,2026-04-25 02:52:00,2026-04-25 22:56:12,102,2,P4 - Low,20.07,48.0,0,0,Unplanned Change Deployment,5
INC-2026253,2026-06-23 00:12:00,2026-06-23 18:15:00,101,2,P2 - High,18.05,8.0,1,0,User Credential Lockout,5
INC-2026254,2026-02-05 11:47:00,2026-02-06 07:47:00,102,1,P4 - Low,20.0,48.0,0,0,Memory Leak in Application Service,5
INC-2026255,2026-01-23 04:07:00,2026-01-23 08:44:12,103,2,P2 - High,4.62,8.0,0,1,Unplanned Change Deployment,1
INC-2026256,2026-02-14 20:04:00,2026-02-15 16:17:12,104,1,P3 - Medium,20.22,24.0,0,1,Third-Party API Outage,5
INC-2026257,2026-01-20 01:32:00,2026-01-21 06:50:00,103,1,P4 - Low,29.3,48.0,0,0,Configuration Drift,5
INC-2026258,2026-07-05 01:50:00,2026-07-05 17:38:00,102,2,P3 - Medium,15.8,24.0,0,0,Third-Party API Outage,4
INC-2026259,2026-02-09 17:37:00,2026-02-09 22:11:48,101,2,P2 - High,4.58,8.0,0,0,Third-Party API Outage,4
INC-2026260,2026-04-12 18:09:00,2026-04-13 13:01:12,105,2,P3 - Medium,18.87,24.0,0,0,Third-Party API Outage,4
INC-2026261,2026-01-10 21:24:00,2026-01-11 13:13:12,103,2,P3 - Medium,15.82,24.0,0,0,Configuration Drift,4
INC-2026262,2026-03-08 00:29:00,2026-03-09 12:23:36,103,2,P4 - Low,35.91,48.0,0,0,Network Packet Loss / Latency,1
INC-2026263,2026-01-03 13:21:00,2026-01-03 23:59:24,104,1,P4 - Low,10.64,48.0,0,0,Configuration Drift,4
INC-2026264,2026-02-21 23:43:00,2026-02-23 20:10:00,101,2,P4 - Low,44.45,48.0,0,2,Unplanned Change Deployment,4
INC-2026265,2026-07-13 11:25:00,2026-07-14 09:20:48,103,1,P4 - Low,21.93,48.0,0,0,Database Deadlock / Query Timeout,4
INC-2026266,2026-05-16 01:34:00,2026-05-16 19:35:48,105,3,P4 - Low,18.03,48.0,0,0,Memory Leak in Application Service,4
INC-2026267,2026-02-01 06:21:00,2026-02-01 11:55:12,105,2,P3 - Medium,5.57,24.0,0,0,Configuration Drift,3
INC-2026268,2026-01-31 00:52:00,2026-01-31 16:46:00,104,1,P3 - Medium,15.9,24.0,0,0,Memory Leak in Application Service,3
INC-2026269,2026-06-11 06:38:00,2026-06-11 07:45:48,105,2,P1 - Critical,1.13,4.0,0,2,Configuration Drift,4
INC-2026270,2026-05-07 00:09:00,2026-05-07 08:19:48,105,2,P3 - Medium,8.18,24.0,0,0,User Credential Lockout,5
INC-2026271,2026-07-12 04:25:00,2026-07-12 11:04:00,104,1,P4 - Low,6.65,48.0,0,0,Memory Leak in Application Service,5
INC-2026272,2026-01-21 06:41:00,2026-01-24 06:03:48,102,1,P4 - Low,71.38,48.0,1,0,Third-Party API Outage,3
INC-2026273,2026-02-20 07:10:00,2026-02-20 23:46:36,101,1,P4 - Low,16.61,48.0,0,1,Configuration Drift,4
INC-2026274,2026-07-01 10:13:00,2026-07-01 16:11:48,104,1,P3 - Medium,5.98,24.0,0,0,Memory Leak in Application Service,3
INC-2026275,2026-03-26 02:44:00,2026-03-26 09:12:12,103,2,P2 - High,6.47,8.0,0,0,Configuration Drift,4
INC-2026276,2026-05-25 21:39:00,2026-05-25 22:11:24,101,3,P1 - Critical,0.54,4.0,0,1,User Credential Lockout,5
INC-2026277,2026-01-29 16:22:00,2026-01-30 20:39:24,105,1,P4 - Low,28.29,48.0,0,0,User Credential Lockout,5
INC-2026278,2026-06-02 09:51:00,2026-06-02 20:30:36,103,1,P3 - Medium,10.66,24.0,0,0,Database Deadlock / Query Timeout,3
INC-2026279,2026-06-17 20:23:00,2026-06-18 03:26:00,101,2,P2 - High,7.05,8.0,0,0,User Credential Lockout,4
INC-2026280,2026-02-08 21:02:00,2026-02-09 01:50:00,105,3,P2 - High,4.8,8.0,0,0,Configuration Drift,3
INC-2026281,2026-05-25 10:15:00,2026-05-26 21:28:48,102,3,P4 - Low,35.23,48.0,0,0,Network Packet Loss / Latency,5
INC-2026282,2026-03-03 13:09:00,2026-03-05 12:23:24,105,1,P3 - Medium,47.24,24.0,1,0,Memory Leak in Application Service,4
INC-2026283,2026-03-12 22:21:00,2026-03-13 07:52:48,102,1,P3 - Medium,9.53,24.0,0,0,Database Deadlock / Query Timeout,4
INC-2026284,2026-02-07 18:19:00,2026-02-08 05:00:24,105,2,P2 - High,10.69,8.0,1,0,Database Deadlock / Query Timeout,2
INC-2026285,2026-01-28 18:26:00,2026-01-30 06:45:48,104,1,P4 - Low,36.33,48.0,0,0,User Credential Lockout,4
INC-2026286,2026-06-13 18:35:00,2026-06-15 11:22:24,105,1,P4 - Low,40.79,48.0,0,0,Network Packet Loss / Latency,4
INC-2026287,2026-04-26 10:27:00,2026-04-26 11:42:36,104,3,P2 - High,1.26,8.0,0,0,Unplanned Change Deployment,4
INC-2026288,2026-04-21 14:05:00,2026-04-22 19:00:48,103,2,P4 - Low,28.93,48.0,0,0,Memory Leak in Application Service,5
INC-2026289,2026-01-28 08:17:00,2026-01-28 19:54:12,101,2,P3 - Medium,11.62,24.0,0,0,Network Packet Loss / Latency,5
INC-2026290,2026-04-15 20:31:00,2026-04-16 14:56:48,101,3,P2 - High,18.43,8.0,1,0,Memory Leak in Application Service,1
INC-2026291,2026-07-04 22:49:00,2026-07-06 03:17:48,101,1,P4 - Low,28.48,48.0,0,0,User Credential Lockout,5
INC-2026292,2026-03-10 20:51:00,2026-03-11 00:52:48,102,3,P2 - High,4.03,8.0,0,0,Configuration Drift,4
INC-2026293,2026-06-14 08:43:00,2026-06-14 18:07:36,103,2,P1 - Critical,9.41,4.0,1,0,Unplanned Change Deployment,5
INC-2026294,2026-02-01 00:52:00,2026-02-01 06:47:12,102,1,P3 - Medium,5.92,24.0,0,0,Unplanned Change Deployment,4
INC-2026295,2026-06-09 17:11:00,2026-06-10 19:21:48,105,1,P4 - Low,26.18,48.0,0,0,Database Deadlock / Query Timeout,4
INC-2026296,2026-05-13 19:47:00,2026-05-14 12:07:24,104,1,P4 - Low,16.34,48.0,0,0,Third-Party API Outage,5
INC-2026297,2026-05-04 12:41:00,2026-05-04 13:50:36,103,3,P2 - High,1.16,8.0,0,0,Configuration Drift,2
INC-2026298,2026-05-01 08:52:00,2026-05-03 09:40:36,103,2,P3 - Medium,48.81,24.0,1,0,Network Packet Loss / Latency,4
INC-2026299,2026-02-25 01:58:00,2026-02-25 16:15:24,102,2,P3 - Medium,14.29,24.0,0,0,Network Packet Loss / Latency,5
INC-2026300,2026-04-24 06:50:00,2026-04-25 16:08:00,104,3,P4 - Low,33.3,48.0,0,0,Database Deadlock / Query Timeout,3
INC-2026301,2026-02-01 04:17:00,2026-02-02 00:27:12,103,1,P4 - Low,20.17,48.0,0,0,Third-Party API Outage,4
INC-2026302,2026-02-16 20:40:00,2026-02-17 15:58:36,105,2,P3 - Medium,19.31,24.0,0,0,Configuration Drift,4
INC-2026303,2026-06-04 11:46:00,2026-06-04 12:41:12,103,3,P2 - High,0.92,8.0,0,0,Database Deadlock / Query Timeout,4
INC-2026304,2026-03-20 07:38:00,2026-03-20 13:38:36,102,3,P2 - High,6.01,8.0,0,0,Database Deadlock / Query Timeout,3
INC-2026305,2026-02-20 10:03:00,2026-02-20 12:51:36,101,2,P2 - High,2.81,8.0,0,0,Memory Leak in Application Service,4
INC-2026306,2026-07-16 20:35:00,2026-07-18 13:26:00,101,1,P4 - Low,40.85,48.0,0,0,Unplanned Change Deployment,5
INC-2026307,2026-05-03 22:41:00,2026-05-04 13:41:36,105,2,P3 - Medium,15.01,24.0,0,0,User Credential Lockout,4
INC-2026308,2026-02-26 11:52:00,2026-02-28 02:35:12,105,1,P4 - Low,38.72,48.0,0,1,Third-Party API Outage,3
INC-2026309,2026-03-02 14:30:00,2026-03-02 15:36:00,103,1,P2 - High,1.1,8.0,0,0,Unplanned Change Deployment,4
INC-2026310,2026-03-28 19:34:00,2026-03-30 01:16:36,104,1,P4 - Low,29.71,48.0,0,1,Database Deadlock / Query Timeout,3
INC-2026311,2026-07-14 18:15:00,2026-07-16 14:27:00,104,2,P4 - Low,44.2,48.0,0,0,Third-Party API Outage,5
INC-2026312,2026-03-12 23:20:00,2026-03-14 18:46:24,104,2,P4 - Low,43.44,48.0,0,0,User Credential Lockout,1
INC-2026313,2026-04-13 22:09:00,2026-04-14 23:28:12,104,2,P4 - Low,25.32,48.0,0,0,Database Deadlock / Query Timeout,4
INC-2026314,2026-03-15 00:59:00,2026-03-15 02:43:24,103,2,P2 - High,1.74,8.0,0,0,Configuration Drift,4
INC-2026315,2026-06-25 07:27:00,2026-06-25 12:01:12,101,2,P2 - High,4.57,8.0,0,0,Unplanned Change Deployment,4
INC-2026316,2026-07-08 04:05:00,2026-07-08 06:49:24,102,3,P2 - High,2.74,8.0,0,0,Network Packet Loss / Latency,4
INC-2026317,2026-06-13 22:12:00,2026-06-13 23:06:00,104,2,P1 - Critical,0.9,4.0,0,0,Configuration Drift,4
INC-2026318,2026-03-23 04:11:00,2026-03-24 00:38:00,101,1,P3 - Medium,20.45,24.0,0,0,User Credential Lockout,5
INC-2026319,2026-01-20 17:21:00,2026-01-21 13:24:36,104,1,P4 - Low,20.06,48.0,0,0,Configuration Drift,3
INC-2026320,2026-05-17 20:02:00,2026-05-17 23:00:12,101,3,P2 - High,2.97,8.0,0,0,Third-Party API Outage,4
INC-2026321,2026-05-03 09:48:00,2026-05-03 15:00:36,103,2,P3 - Medium,5.21,24.0,0,0,Third-Party API Outage,1
INC-2026322,2026-06-22 08:22:00,2026-06-22 13:35:48,104,1,P3 - Medium,5.23,24.0,0,0,User Credential Lockout,4
INC-2026323,2026-01-03 05:53:00,2026-01-03 06:20:36,102,2,P1 - Critical,0.46,4.0,0,0,Third-Party API Outage,3
INC-2026324,2026-02-24 18:31:00,2026-02-25 11:45:24,105,2,P3 - Medium,17.24,24.0,0,0,User Credential Lockout,3
INC-2026325,2026-02-10 19:33:00,2026-02-10 21:58:12,101,2,P2 - High,2.42,8.0,0,0,Configuration Drift,5
INC-2026326,2026-03-29 03:30:00,2026-03-29 06:36:00,104,3,P1 - Critical,3.1,4.0,0,0,Configuration Drift,4
INC-2026327,2026-02-10 16:41:00,2026-02-11 05:17:00,105,2,P3 - Medium,12.6,24.0,0,0,Configuration Drift,5
INC-2026328,2026-07-07 23:25:00,2026-07-08 16:28:36,103,2,P3 - Medium,17.06,24.0,0,0,User Credential Lockout,5
INC-2026329,2026-01-01 21:40:00,2026-01-02 04:58:36,104,2,P3 - Medium,7.31,24.0,0,0,Database Deadlock / Query Timeout,4
INC-2026330,2026-02-01 12:06:00,2026-02-01 21:51:36,105,2,P3 - Medium,9.76,24.0,0,0,Memory Leak in Application Service,2
INC-2026331,2026-07-05 01:05:00,2026-07-05 05:20:00,101,2,P2 - High,4.25,8.0,0,0,User Credential Lockout,3
INC-2026332,2026-06-21 12:06:00,2026-06-24 17:25:48,103,1,P4 - Low,77.33,48.0,1,0,Network Packet Loss / Latency,5
INC-2026333,2026-01-07 05:55:00,2026-01-07 09:41:48,102,1,P3 - Medium,3.78,24.0,0,0,Unplanned Change Deployment,5
INC-2026334,2026-02-08 01:49:00,2026-02-08 07:37:00,103,3,P2 - High,5.8,8.0,0,1,Database Deadlock / Query Timeout,4
INC-2026335,2026-01-17 11:24:00,2026-01-17 14:30:00,102,2,P2 - High,3.1,8.0,0,0,Third-Party API Outage,1
INC-2026336,2026-06-19 11:56:00,2026-06-19 15:59:00,102,2,P2 - High,4.05,8.0,0,0,Third-Party API Outage,5
INC-2026337,2026-02-19 10:21:00,2026-02-21 14:33:36,104,1,P3 - Medium,52.21,24.0,1,0,Configuration Drift,4
INC-2026338,2026-04-18 04:08:00,2026-04-19 17:12:48,101,1,P4 - Low,37.08,48.0,0,0,Network Packet Loss / Latency,4
INC-2026339,2026-04-24 05:29:00,2026-04-25 04:03:48,105,2,P3 - Medium,22.58,24.0,0,0,User Credential Lockout,5
INC-2026340,2026-04-03 13:29:00,2026-04-07 12:54:12,103,1,P4 - Low,95.42,48.0,1,0,Network Packet Loss / Latency,4
INC-2026341,2026-01-18 17:43:00,2026-01-19 12:03:24,101,1,P4 - Low,18.34,48.0,0,0,Third-Party API Outage,4
INC-2026342,2026-05-15 07:48:00,2026-05-15 18:21:36,104,1,P3 - Medium,10.56,24.0,0,0,User Credential Lockout,5
INC-2026343,2026-05-04 18:32:00,2026-05-04 22:42:12,104,2,P2 - High,4.17,8.0,0,1,Network Packet Loss / Latency,3
INC-2026344,2026-07-09 09:30:00,2026-07-09 17:40:12,104,1,P4 - Low,8.17,48.0,0,0,Configuration Drift,5
INC-2026345,2026-06-07 02:42:00,2026-06-07 21:52:48,105,1,P3 - Medium,19.18,24.0,0,0,Network Packet Loss / Latency,4
INC-2026346,2026-04-28 06:47:00,2026-04-28 18:59:00,103,2,P2 - High,12.2,8.0,1,1,Network Packet Loss / Latency,4
INC-2026347,2026-06-12 16:28:00,2026-06-13 03:33:24,104,1,P3 - Medium,11.09,24.0,0,0,Network Packet Loss / Latency,3
INC-2026348,2026-06-13 03:04:00,2026-06-17 18:01:00,103,1,P4 - Low,110.95,48.0,1,0,Memory Leak in Application Service,2
INC-2026349,2026-06-08 16:34:00,2026-06-09 00:01:36,101,2,P2 - High,7.46,8.0,0,0,Configuration Drift,5
INC-2026350,2026-05-29 05:31:00,2026-05-30 00:15:24,102,1,P3 - Medium,18.74,24.0,0,0,Configuration Drift,5
INC-2026351,2026-02-22 07:37:00,2026-02-22 13:01:36,104,2,P2 - High,5.41,8.0,0,0,Configuration Drift,5
INC-2026352,2026-02-16 07:00:00,2026-02-18 11:17:24,103,1,P3 - Medium,52.29,24.0,1,0,Network Packet Loss / Latency,5
INC-2026353,2026-05-20 17:25:00,2026-05-20 20:28:36,102,2,P3 - Medium,3.06,24.0,0,0,Unplanned Change Deployment,3
INC-2026354,2026-06-14 03:29:00,2026-06-14 06:48:48,101,1,P2 - High,3.33,8.0,0,0,Memory Leak in Application Service,5
INC-2026355,2026-02-20 11:11:00,2026-02-20 12:56:00,103,2,P1 - Critical,1.75,4.0,0,0,Database Deadlock / Query Timeout,5
INC-2026356,2026-02-11 15:19:00,2026-02-12 22:59:12,105,1,P3 - Medium,31.67,24.0,1,0,User Credential Lockout,3
INC-2026357,2026-02-13 05:00:00,2026-02-13 20:25:12,104,3,P4 - Low,15.42,48.0,0,0,Database Deadlock / Query Timeout,5
INC-2026358,2026-04-15 07:24:00,2026-04-16 06:10:12,102,2,P3 - Medium,22.77,24.0,0,0,Configuration Drift,4
INC-2026359,2026-02-19 18:00:00,2026-02-20 05:37:12,104,2,P3 - Medium,11.62,24.0,0,0,Configuration Drift,1
INC-2026360,2026-04-27 16:36:00,2026-04-28 09:28:12,105,2,P3 - Medium,16.87,24.0,0,0,Memory Leak in Application Service,4
INC-2026361,2026-04-17 01:13:00,2026-04-18 16:45:24,102,1,P4 - Low,39.54,48.0,0,0,Third-Party API Outage,4
INC-2026362,2026-05-12 22:46:00,2026-05-13 08:31:00,102,1,P4 - Low,9.75,48.0,0,0,Third-Party API Outage,5
INC-2026363,2026-02-20 21:31:00,2026-02-21 22:28:36,103,2,P4 - Low,24.96,48.0,0,0,Memory Leak in Application Service,4
INC-2026364,2026-05-15 15:35:00,2026-05-17 12:29:36,102,1,P4 - Low,44.91,48.0,0,0,Memory Leak in Application Service,5
INC-2026365,2026-02-01 17:21:00,2026-02-03 08:24:36,104,2,P3 - Medium,39.06,24.0,1,0,Memory Leak in Application Service,4
INC-2026366,2026-05-30 21:34:00,2026-05-31 16:46:00,101,2,P3 - Medium,19.2,24.0,0,0,Database Deadlock / Query Timeout,4
INC-2026367,2026-04-26 18:13:00,2026-04-27 17:22:36,105,1,P4 - Low,23.16,48.0,0,1,Network Packet Loss / Latency,4
INC-2026368,2026-02-17 01:24:00,2026-02-18 14:01:48,105,2,P4 - Low,36.63,48.0,0,0,Database Deadlock / Query Timeout,5
INC-2026369,2026-02-17 07:30:00,2026-02-19 01:27:36,101,1,P4 - Low,41.96,48.0,0,0,Third-Party API Outage,4
INC-2026370,2026-02-15 12:56:00,2026-02-16 06:08:36,102,2,P4 - Low,17.21,48.0,0,0,Network Packet Loss / Latency,4
INC-2026371,2026-03-24 10:11:00,2026-03-26 05:22:24,103,1,P4 - Low,43.19,48.0,0,0,Third-Party API Outage,1
INC-2026372,2026-01-30 01:05:00,2026-01-30 16:26:36,105,1,P3 - Medium,15.36,24.0,0,0,Network Packet Loss / Latency,4
INC-2026373,2026-02-15 21:45:00,2026-02-16 12:40:48,101,1,P3 - Medium,14.93,24.0,0,0,Memory Leak in Application Service,4
INC-2026374,2026-03-03 17:33:00,2026-03-03 22:18:00,102,1,P2 - High,4.75,8.0,0,0,Unplanned Change Deployment,4
INC-2026375,2026-05-04 06:09:00,2026-05-04 20:03:00,101,1,P3 - Medium,13.9,24.0,0,0,Configuration Drift,5
INC-2026376,2026-01-17 21:15:00,2026-01-18 15:22:48,103,1,P3 - Medium,18.13,24.0,0,0,Unplanned Change Deployment,4
INC-2026377,2026-03-19 02:04:00,2026-03-19 12:58:00,101,1,P3 - Medium,10.9,24.0,0,0,User Credential Lockout,4
INC-2026378,2026-07-18 23:19:00,2026-07-19 21:14:12,104,2,P3 - Medium,21.92,24.0,0,0,Database Deadlock / Query Timeout,5
INC-2026379,2026-05-29 04:29:00,2026-05-29 12:15:48,101,1,P4 - Low,7.78,48.0,0,0,Database Deadlock / Query Timeout,1
INC-2026380,2026-06-10 09:19:00,2026-06-10 21:11:12,103,2,P3 - Medium,11.87,24.0,0,0,Memory Leak in Application Service,5
INC-2026381,2026-02-22 15:23:00,2026-02-22 18:13:24,103,3,P1 - Critical,2.84,4.0,0,0,User Credential Lockout,3
INC-2026382,2026-02-17 22:39:00,2026-02-18 11:33:36,101,1,P3 - Medium,12.91,24.0,0,0,Network Packet Loss / Latency,4
INC-2026383,2026-03-30 08:20:00,2026-03-31 00:02:36,102,1,P4 - Low,15.71,48.0,0,0,Database Deadlock / Query Timeout,4
INC-2026384,2026-02-05 13:57:00,2026-02-08 00:03:00,105,1,P3 - Medium,58.1,24.0,1,0,User Credential Lockout,3
INC-2026385,2026-04-01 17:25:00,2026-04-02 00:21:24,103,2,P2 - High,6.94,8.0,0,0,Memory Leak in Application Service,4
INC-2026386,2026-04-25 04:32:00,2026-04-25 10:11:00,105,1,P3 - Medium,5.65,24.0,0,0,User Credential Lockout,4
INC-2026387,2026-07-01 22:13:00,2026-07-02 23:18:24,101,1,P4 - Low,25.09,48.0,0,0,User Credential Lockout,4
INC-2026388,2026-07-04 08:38:00,2026-07-04 09:51:12,105,3,P1 - Critical,1.22,4.0,0,1,Network Packet Loss / Latency,4
INC-2026389,2026-01-19 01:10:00,2026-01-22 14:00:24,104,2,P4 - Low,84.84,48.0,1,0,Network Packet Loss / Latency,3
INC-2026390,2026-07-15 17:40:00,2026-07-16 22:36:24,102,1,P3 - Medium,28.94,24.0,1,0,Network Packet Loss / Latency,5
INC-2026391,2026-05-14 12:12:00,2026-05-14 22:04:12,104,1,P3 - Medium,9.87,24.0,0,0,Configuration Drift,4
INC-2026392,2026-03-13 04:55:00,2026-03-13 21:29:12,104,1,P4 - Low,16.57,48.0,0,0,Memory Leak in Application Service,2
INC-2026393,2026-06-14 07:15:00,2026-06-14 15:21:36,105,1,P3 - Medium,8.11,24.0,0,0,Unplanned Change Deployment,3
INC-2026394,2026-02-13 14:11:00,2026-02-14 18:44:36,103,2,P3 - Medium,28.56,24.0,1,0,Third-Party API Outage,2
INC-2026395,2026-05-04 18:58:00,2026-05-04 20:36:24,102,3,P1 - Critical,1.64,4.0,0,0,Database Deadlock / Query Timeout,4
INC-2026396,2026-07-05 16:46:00,2026-07-05 17:50:12,101,2,P2 - High,1.07,8.0,0,0,Database Deadlock / Query Timeout,4
INC-2026397,2026-05-02 14:09:00,2026-05-03 16:08:24,102,1,P4 - Low,25.99,48.0,0,0,Memory Leak in Application Service,4
INC-2026398,2026-07-08 00:33:00,2026-07-10 10:09:36,103,2,P3 - Medium,57.61,24.0,1,0,Database Deadlock / Query Timeout,5
INC-2026399,2026-05-24 09:41:00,2026-05-24 15:30:48,103,2,P2 - High,5.83,8.0,0,0,Memory Leak in Application Service,4
INC-2026400,2026-05-03 19:16:00,2026-05-03 23:32:12,104,1,P2 - High,4.27,8.0,0,0,Unplanned Change Deployment,5
INC-2026401,2026-04-20 11:36:00,2026-04-20 12:30:36,103,2,P2 - High,0.91,8.0,0,0,Unplanned Change Deployment,4
INC-2026402,2026-02-10 05:44:00,2026-02-10 08:06:48,101,3,P1 - Critical,2.38,4.0,0,0,Memory Leak in Application Service,5
INC-2026403,2026-06-23 03:01:00,2026-06-23 08:16:36,105,2,P2 - High,5.26,8.0,0,1,Memory Leak in Application Service,4
INC-2026404,2026-03-25 04:18:00,2026-03-25 18:36:00,102,1,P3 - Medium,14.3,24.0,0,0,Memory Leak in Application Service,4
INC-2026405,2026-05-19 18:09:00,2026-05-23 19:55:48,101,2,P4 - Low,97.78,48.0,1,0,Memory Leak in Application Service,5
INC-2026406,2026-02-10 08:16:00,2026-02-10 19:40:00,104,1,P3 - Medium,11.4,24.0,0,0,Database Deadlock / Query Timeout,5
INC-2026407,2026-05-31 16:30:00,2026-05-31 20:05:24,105,2,P2 - High,3.59,8.0,0,0,User Credential Lockout,4
INC-2026408,2026-01-24 00:13:00,2026-01-24 04:32:48,105,2,P2 - High,4.33,8.0,0,0,Network Packet Loss / Latency,4
INC-2026409,2026-06-24 12:04:00,2026-06-24 20:52:00,102,2,P3 - Medium,8.8,24.0,0,1,User Credential Lockout,3
INC-2026410,2026-07-14 10:32:00,2026-07-14 20:09:48,103,1,P3 - Medium,9.63,24.0,0,2,Memory Leak in Application Service,5
INC-2026411,2026-06-26 14:49:00,2026-06-26 22:14:48,105,2,P3 - Medium,7.43,24.0,0,0,Network Packet Loss / Latency,4
INC-2026412,2026-03-24 04:55:00,2026-03-24 12:23:48,103,3,P2 - High,7.48,8.0,0,0,Unplanned Change Deployment,5
INC-2026413,2026-03-17 19:13:00,2026-03-18 19:58:00,104,2,P4 - Low,24.75,48.0,0,0,Network Packet Loss / Latency,4
INC-2026414,2026-04-10 21:30:00,2026-04-11 02:12:00,105,2,P2 - High,4.7,8.0,0,0,User Credential Lockout,5
INC-2026415,2026-05-24 23:28:00,2026-05-25 21:20:12,102,1,P3 - Medium,21.87,24.0,0,0,Network Packet Loss / Latency,4
INC-2026416,2026-01-16 15:34:00,2026-01-17 08:32:12,103,1,P3 - Medium,16.97,24.0,0,1,User Credential Lockout,4
INC-2026417,2026-04-04 16:50:00,2026-04-05 06:21:48,105,2,P4 - Low,13.53,48.0,0,0,Network Packet Loss / Latency,5
INC-2026418,2026-04-10 05:27:00,2026-04-10 20:59:24,105,3,P2 - High,15.54,8.0,1,0,Database Deadlock / Query Timeout,5
INC-2026419,2026-03-30 14:37:00,2026-04-04 08:01:00,102,2,P4 - Low,113.4,48.0,1,0,Unplanned Change Deployment,4
INC-2026420,2026-03-27 02:33:00,2026-03-27 15:44:24,104,2,P2 - High,13.19,8.0,1,0,Configuration Drift,4
INC-2026421,2026-02-20 09:12:00,2026-02-22 05:33:00,102,3,P3 - Medium,44.35,24.0,1,0,User Credential Lockout,5
INC-2026422,2026-06-23 12:43:00,2026-06-23 14:52:36,103,3,P2 - High,2.16,8.0,0,1,Network Packet Loss / Latency,4
INC-2026423,2026-04-15 05:59:00,2026-04-16 02:54:12,101,2,P3 - Medium,20.92,24.0,0,0,Unplanned Change Deployment,4
INC-2026424,2026-03-26 21:10:00,2026-03-27 14:19:00,101,1,P3 - Medium,17.15,24.0,0,0,Database Deadlock / Query Timeout,2
INC-2026425,2026-06-02 11:32:00,2026-06-02 12:32:00,101,2,P1 - Critical,1.0,4.0,0,1,Third-Party API Outage,4
INC-2026426,2026-05-25 20:59:00,2026-05-26 09:23:00,103,1,P4 - Low,12.4,48.0,0,0,Configuration Drift,4
INC-2026427,2026-01-04 16:58:00,2026-01-05 07:40:00,103,1,P3 - Medium,14.7,24.0,0,0,Network Packet Loss / Latency,3
INC-2026428,2026-06-15 18:09:00,2026-06-16 07:37:48,104,2,P3 - Medium,13.48,24.0,0,0,Database Deadlock / Query Timeout,2
INC-2026429,2026-07-03 21:52:00,2026-07-04 10:32:12,101,1,P4 - Low,12.67,48.0,0,0,Network Packet Loss / Latency,5
INC-2026430,2026-03-01 11:53:00,2026-03-01 14:29:00,102,3,P1 - Critical,2.6,4.0,0,2,Configuration Drift,3
INC-2026431,2026-05-04 01:43:00,2026-05-04 06:22:36,102,2,P2 - High,4.66,8.0,0,0,Database Deadlock / Query Timeout,3
INC-2026432,2026-05-28 23:13:00,2026-05-29 12:07:36,101,1,P3 - Medium,12.91,24.0,0,0,User Credential Lockout,5
INC-2026433,2026-02-05 01:29:00,2026-02-05 12:01:24,103,2,P4 - Low,10.54,48.0,0,0,Database Deadlock / Query Timeout,4
INC-2026434,2026-01-03 19:40:00,2026-01-04 02:52:00,103,1,P3 - Medium,7.2,24.0,0,0,Network Packet Loss / Latency,5
INC-2026435,2026-04-21 06:26:00,2026-04-21 20:31:24,103,1,P3 - Medium,14.09,24.0,0,0,Unplanned Change Deployment,4
INC-2026436,2026-05-12 05:48:00,2026-05-12 13:07:48,101,2,P4 - Low,7.33,48.0,0,0,User Credential Lockout,1
INC-2026437,2026-04-23 00:54:00,2026-04-23 17:18:00,103,1,P3 - Medium,16.4,24.0,0,0,Unplanned Change Deployment,4
INC-2026438,2026-02-13 01:59:00,2026-02-14 21:09:48,103,1,P4 - Low,43.18,48.0,0,0,Memory Leak in Application Service,3
INC-2026439,2026-03-22 17:48:00,2026-03-22 18:39:00,102,2,P1 - Critical,0.85,4.0,0,1,User Credential Lockout,5
INC-2026440,2026-05-17 08:47:00,2026-05-18 11:59:36,104,1,P4 - Low,27.21,48.0,0,0,Third-Party API Outage,4
INC-2026441,2026-07-16 00:54:00,2026-07-16 20:08:24,102,2,P3 - Medium,19.24,24.0,0,0,Unplanned Change Deployment,4
INC-2026442,2026-01-31 03:23:00,2026-01-31 07:46:24,103,2,P2 - High,4.39,8.0,0,0,Configuration Drift,4
INC-2026443,2026-02-11 04:29:00,2026-02-13 00:44:36,105,1,P3 - Medium,44.26,24.0,1,0,Database Deadlock / Query Timeout,5
INC-2026444,2026-07-15 17:24:00,2026-07-18 18:38:24,105,3,P4 - Low,73.24,48.0,1,0,User Credential Lockout,4
INC-2026445,2026-02-12 15:43:00,2026-02-13 08:44:48,104,1,P3 - Medium,17.03,24.0,0,0,Configuration Drift,5
INC-2026446,2026-07-06 03:43:00,2026-07-06 04:18:24,102,3,P1 - Critical,0.59,4.0,0,0,Memory Leak in Application Service,4
INC-2026447,2026-06-01 14:02:00,2026-06-01 17:36:48,104,2,P3 - Medium,3.58,24.0,0,0,Unplanned Change Deployment,4
INC-2026448,2026-04-23 12:49:00,2026-04-23 14:34:00,101,3,P1 - Critical,1.75,4.0,0,0,Unplanned Change Deployment,5
INC-2026449,2026-03-21 16:03:00,2026-03-21 19:22:12,103,2,P3 - Medium,3.32,24.0,0,0,Unplanned Change Deployment,2
INC-2026450,2026-01-24 13:08:00,2026-01-24 16:45:48,101,1,P3 - Medium,3.63,24.0,0,0,User Credential Lockout,1
INC-2026451,2026-01-12 21:18:00,2026-01-13 09:26:24,102,2,P4 - Low,12.14,48.0,0,0,Third-Party API Outage,4
INC-2026452,2026-06-03 09:10:00,2026-06-04 05:44:48,104,2,P3 - Medium,20.58,24.0,0,0,Third-Party API Outage,3
INC-2026453,2026-05-18 18:36:00,2026-05-19 00:02:24,105,1,P2 - High,5.44,8.0,0,0,Database Deadlock / Query Timeout,5
INC-2026454,2026-05-07 22:51:00,2026-05-08 18:46:12,104,1,P2 - High,19.92,8.0,1,0,Memory Leak in Application Service,5
INC-2026455,2026-02-16 16:46:00,2026-02-16 19:04:36,101,3,P2 - High,2.31,8.0,0,0,Third-Party API Outage,4
INC-2026456,2026-01-09 14:39:00,2026-01-09 18:36:00,105,2,P2 - High,3.95,8.0,0,0,User Credential Lockout,5
INC-2026457,2026-07-14 00:06:00,2026-07-14 07:11:24,104,1,P3 - Medium,7.09,24.0,0,0,Network Packet Loss / Latency,5
INC-2026458,2026-02-26 19:28:00,2026-02-28 14:31:00,101,1,P4 - Low,43.05,48.0,0,1,Configuration Drift,4
INC-2026459,2026-06-02 23:22:00,2026-06-03 20:52:00,101,2,P3 - Medium,21.5,24.0,0,0,Database Deadlock / Query Timeout,4
INC-2026460,2026-03-17 08:46:00,2026-03-18 00:03:24,104,2,P2 - High,15.29,8.0,1,1,Memory Leak in Application Service,3
INC-2026461,2026-01-19 01:20:00,2026-01-19 04:38:00,104,1,P3 - Medium,3.3,24.0,0,0,Database Deadlock / Query Timeout,4
INC-2026462,2026-07-16 20:29:00,2026-07-18 12:31:24,101,1,P4 - Low,40.04,48.0,0,0,Database Deadlock / Query Timeout,3
INC-2026463,2026-07-03 19:06:00,2026-07-04 09:27:00,105,2,P4 - Low,14.35,48.0,0,0,Network Packet Loss / Latency,5
INC-2026464,2026-04-28 02:00:00,2026-04-29 18:33:00,105,2,P4 - Low,40.55,48.0,0,1,Database Deadlock / Query Timeout,4
INC-2026465,2026-05-31 21:44:00,2026-06-01 05:01:24,105,1,P4 - Low,7.29,48.0,0,0,Unplanned Change Deployment,5
INC-2026466,2026-03-06 02:20:00,2026-03-07 00:33:48,104,2,P4 - Low,22.23,48.0,0,0,Configuration Drift,4
INC-2026467,2026-05-06 17:32:00,2026-05-08 01:43:24,105,3,P4 - Low,32.19,48.0,0,0,Network Packet Loss / Latency,3
INC-2026468,2026-06-01 21:54:00,2026-06-02 00:44:24,102,3,P2 - High,2.84,8.0,0,0,Third-Party API Outage,3
INC-2026469,2026-07-16 04:29:00,2026-07-17 00:12:48,103,2,P3 - Medium,19.73,24.0,0,0,Third-Party API Outage,4
INC-2026470,2026-02-22 21:21:00,2026-02-23 18:24:36,105,1,P3 - Medium,21.06,24.0,0,0,User Credential Lockout,4
INC-2026471,2026-06-01 23:30:00,2026-06-02 04:38:24,102,2,P3 - Medium,5.14,24.0,0,0,Network Packet Loss / Latency,5
INC-2026472,2026-03-16 08:47:00,2026-03-16 10:07:24,104,2,P2 - High,1.34,8.0,0,0,Third-Party API Outage,3
INC-2026473,2026-05-16 10:31:00,2026-05-18 12:56:12,102,3,P3 - Medium,50.42,24.0,1,0,Configuration Drift,4
INC-2026474,2026-04-09 01:51:00,2026-04-10 07:19:48,101,1,P4 - Low,29.48,48.0,0,0,Third-Party API Outage,5
INC-2026475,2026-01-27 19:59:00,2026-01-28 13:55:24,105,1,P3 - Medium,17.94,24.0,0,0,Database Deadlock / Query Timeout,5
INC-2026476,2026-06-24 21:00:00,2026-06-25 17:54:00,103,1,P3 - Medium,20.9,24.0,0,0,Configuration Drift,1
INC-2026477,2026-03-19 10:48:00,2026-03-20 08:49:48,101,1,P3 - Medium,22.03,24.0,0,1,Unplanned Change Deployment,4
INC-2026478,2026-06-24 16:52:00,2026-06-25 09:27:24,102,1,P3 - Medium,16.59,24.0,0,0,User Credential Lockout,5
INC-2026479,2026-03-29 11:18:00,2026-03-30 23:44:24,104,1,P4 - Low,36.44,48.0,0,0,User Credential Lockout,5
INC-2026480,2026-07-14 15:06:00,2026-07-15 08:28:48,103,1,P4 - Low,17.38,48.0,0,0,Memory Leak in Application Service,4
INC-2026481,2026-07-01 09:16:00,2026-07-02 04:02:48,104,1,P3 - Medium,18.78,24.0,0,0,Third-Party API Outage,4
INC-2026482,2026-04-27 22:14:00,2026-04-28 18:09:12,104,1,P4 - Low,19.92,48.0,0,0,Configuration Drift,4
INC-2026483,2026-03-22 21:31:00,2026-03-23 00:14:48,105,1,P3 - Medium,2.73,24.0,0,0,Memory Leak in Application Service,4
INC-2026484,2026-06-02 08:51:00,2026-06-02 15:15:00,102,2,P3 - Medium,6.4,24.0,0,0,User Credential Lockout,5
INC-2026485,2026-03-31 19:13:00,2026-04-01 00:28:00,103,3,P2 - High,5.25,8.0,0,0,Network Packet Loss / Latency,2
INC-2026486,2026-06-28 05:38:00,2026-06-28 08:12:48,104,2,P1 - Critical,2.58,4.0,0,0,User Credential Lockout,5
INC-2026487,2026-03-03 14:02:00,2026-03-04 09:12:12,102,1,P4 - Low,19.17,48.0,0,0,Unplanned Change Deployment,3
INC-2026488,2026-07-19 07:47:00,2026-07-20 04:53:00,105,1,P3 - Medium,21.1,24.0,0,0,Unplanned Change Deployment,3
INC-2026489,2026-01-22 17:12:00,2026-01-23 12:43:12,101,2,P3 - Medium,19.52,24.0,0,2,Third-Party API Outage,5
INC-2026490,2026-01-18 23:55:00,2026-01-19 10:43:36,102,1,P3 - Medium,10.81,24.0,0,0,Configuration Drift,5
INC-2026491,2026-02-25 07:43:00,2026-02-25 21:59:12,103,2,P2 - High,14.27,8.0,1,0,Configuration Drift,4
INC-2026492,2026-06-26 06:18:00,2026-06-26 09:01:12,105,1,P3 - Medium,2.72,24.0,0,0,Memory Leak in Application Service,4
INC-2026493,2026-05-31 02:19:00,2026-06-01 21:56:12,103,1,P3 - Medium,43.62,24.0,1,0,Memory Leak in Application Service,5
INC-2026494,2026-04-15 17:07:00,2026-04-16 10:56:48,104,2,P2 - High,17.83,8.0,1,0,Third-Party API Outage,5
INC-2026495,2026-03-07 14:27:00,2026-03-07 23:58:12,102,2,P2 - High,9.52,8.0,1,0,Database Deadlock / Query Timeout,5
INC-2026496,2026-03-12 05:07:00,2026-03-12 07:38:12,103,3,P2 - High,2.52,8.0,0,0,Network Packet Loss / Latency,4
INC-2026497,2026-05-25 20:08:00,2026-05-26 15:39:48,104,1,P2 - High,19.53,8.0,1,0,Memory Leak in Application Service,4
INC-2026498,2026-03-30 21:10:00,2026-03-31 04:10:36,101,2,P3 - Medium,7.01,24.0,0,0,Unplanned Change Deployment,3
INC-2026499,2026-01-12 20:51:00,2026-01-14 11:15:00,105,1,P3 - Medium,38.4,24.0,1,0,User Credential Lockout,4
INC-2026500,2026-01-21 18:20:00,2026-01-23 03:48:48,101,1,P4 - Low,33.48,48.0,0,0,User Credential Lockout,4
INC-2026501,2026-06-08 07:33:00,2026-06-08 10:36:00,101,2,P2 - High,3.05,8.0,0,1,Memory Leak in Application Service,3
INC-2026502,2026-01-16 19:49:00,2026-01-17 02:44:48,105,3,P2 - High,6.93,8.0,0,0,User Credential Lockout,5
INC-2026503,2026-04-10 00:51:00,2026-04-10 05:28:48,103,3,P1 - Critical,4.63,4.0,1,0,Memory Leak in Application Service,2
INC-2026504,2026-01-13 07:30:00,2026-01-14 23:00:00,101,1,P4 - Low,39.5,48.0,0,0,Database Deadlock / Query Timeout,4
INC-2026505,2026-02-22 19:57:00,2026-02-23 12:53:24,104,2,P3 - Medium,16.94,24.0,0,0,Configuration Drift,4
INC-2026506,2026-04-20 07:07:00,2026-04-20 21:43:36,104,1,P4 - Low,14.61,48.0,0,1,Unplanned Change Deployment,2
INC-2026507,2026-07-17 03:30:00,2026-07-17 21:18:36,102,1,P3 - Medium,17.81,24.0,0,0,Third-Party API Outage,5
INC-2026508,2026-01-29 21:18:00,2026-01-30 04:43:48,101,2,P2 - High,7.43,8.0,0,0,Configuration Drift,4
INC-2026509,2026-06-09 11:20:00,2026-06-09 15:17:00,105,3,P3 - Medium,3.95,24.0,0,0,Third-Party API Outage,4
INC-2026510,2026-05-25 18:26:00,2026-05-25 21:27:12,103,2,P2 - High,3.02,8.0,0,0,Third-Party API Outage,4
INC-2026511,2026-06-14 08:58:00,2026-06-15 04:17:12,104,1,P4 - Low,19.32,48.0,0,0,User Credential Lockout,3
INC-2026512,2026-03-09 23:00:00,2026-03-11 06:45:36,101,2,P4 - Low,31.76,48.0,0,0,Third-Party API Outage,5
INC-2026513,2026-04-18 21:03:00,2026-04-19 14:00:00,101,1,P3 - Medium,16.95,24.0,0,0,Network Packet Loss / Latency,4
INC-2026514,2026-02-26 11:36:00,2026-02-26 17:43:48,102,3,P2 - High,6.13,8.0,0,0,Unplanned Change Deployment,4
INC-2026515,2026-05-23 04:34:00,2026-05-23 09:08:12,101,1,P3 - Medium,4.57,24.0,0,0,Network Packet Loss / Latency,4
INC-2026516,2026-06-12 06:09:00,2026-06-12 07:28:12,102,3,P1 - Critical,1.32,4.0,0,0,Configuration Drift,4
INC-2026517,2026-03-10 13:27:00,2026-03-10 15:44:24,105,3,P1 - Critical,2.29,4.0,0,0,User Credential Lockout,4
INC-2026518,2026-02-07 22:35:00,2026-02-08 11:05:36,101,2,P2 - High,12.51,8.0,1,0,Memory Leak in Application Service,4
INC-2026519,2026-04-29 10:54:00,2026-04-29 11:46:48,104,3,P2 - High,0.88,8.0,0,0,User Credential Lockout,5
INC-2026520,2026-02-01 04:06:00,2026-02-01 08:42:00,102,2,P2 - High,4.6,8.0,0,2,Memory Leak in Application Service,5
INC-2026521,2026-07-10 01:28:00,2026-07-10 03:09:24,102,2,P1 - Critical,1.69,4.0,0,0,Network Packet Loss / Latency,5
INC-2026522,2026-04-20 23:19:00,2026-04-21 04:41:48,102,1,P3 - Medium,5.38,24.0,0,0,User Credential Lockout,4
INC-2026523,2026-04-11 19:23:00,2026-04-12 19:56:36,101,1,P4 - Low,24.56,48.0,0,0,Network Packet Loss / Latency,5
INC-2026524,2026-04-02 23:23:00,2026-04-03 05:05:00,104,2,P2 - High,5.7,8.0,0,0,Memory Leak in Application Service,5
INC-2026525,2026-03-13 12:43:00,2026-03-13 17:52:36,101,2,P3 - Medium,5.16,24.0,0,0,User Credential Lockout,4
INC-2026526,2026-05-02 06:57:00,2026-05-03 03:15:00,103,1,P4 - Low,20.3,48.0,0,0,User Credential Lockout,4
INC-2026527,2026-05-03 04:58:00,2026-05-04 19:22:00,105,1,P4 - Low,38.4,48.0,0,0,Database Deadlock / Query Timeout,5
INC-2026528,2026-04-20 17:14:00,2026-04-21 00:28:24,102,3,P2 - High,7.24,8.0,0,0,User Credential Lockout,3
INC-2026529,2026-04-25 17:22:00,2026-04-25 20:52:36,103,3,P2 - High,3.51,8.0,0,0,Network Packet Loss / Latency,3
INC-2026530,2026-06-29 02:29:00,2026-06-29 20:50:00,103,2,P3 - Medium,18.35,24.0,0,0,User Credential Lockout,5
INC-2026531,2026-04-13 09:18:00,2026-04-14 06:07:48,101,1,P4 - Low,20.83,48.0,0,1,Memory Leak in Application Service,4
INC-2026532,2026-03-15 01:52:00,2026-03-16 04:55:36,105,2,P4 - Low,27.06,48.0,0,0,Configuration Drift,3
INC-2026533,2026-06-18 09:42:00,2026-06-18 23:03:00,103,1,P4 - Low,13.35,48.0,0,0,Third-Party API Outage,1
INC-2026534,2026-01-26 12:19:00,2026-01-27 06:56:48,104,1,P3 - Medium,18.63,24.0,0,0,Unplanned Change Deployment,5
INC-2026535,2026-07-02 02:58:00,2026-07-02 08:55:36,103,3,P1 - Critical,5.96,4.0,1,0,Unplanned Change Deployment,5
INC-2026536,2026-02-26 10:55:00,2026-02-27 23:54:24,101,1,P4 - Low,36.99,48.0,0,0,User Credential Lockout,4
INC-2026537,2026-06-24 19:37:00,2026-06-25 08:55:00,104,2,P3 - Medium,13.3,24.0,0,0,Memory Leak in Application Service,4
INC-2026538,2026-01-14 17:15:00,2026-01-15 02:58:48,105,2,P3 - Medium,9.73,24.0,0,0,Memory Leak in Application Service,3
INC-2026539,2026-02-01 06:35:00,2026-02-02 16:25:24,103,2,P3 - Medium,33.84,24.0,1,0,Database Deadlock / Query Timeout,3
INC-2026540,2026-01-17 11:04:00,2026-01-17 16:15:24,104,2,P2 - High,5.19,8.0,0,0,Third-Party API Outage,5
INC-2026541,2026-05-02 01:32:00,2026-05-02 12:42:48,101,2,P3 - Medium,11.18,24.0,0,0,Configuration Drift,5
INC-2026542,2026-04-05 12:53:00,2026-04-06 06:31:24,105,3,P3 - Medium,17.64,24.0,0,0,Memory Leak in Application Service,3
INC-2026543,2026-03-22 19:24:00,2026-03-23 05:46:48,105,1,P3 - Medium,10.38,24.0,0,0,Unplanned Change Deployment,2
INC-2026544,2026-07-02 13:08:00,2026-07-02 20:42:48,104,3,P2 - High,7.58,8.0,0,0,Configuration Drift,5
INC-2026545,2026-04-18 21:31:00,2026-04-19 04:51:24,101,2,P2 - High,7.34,8.0,0,0,Third-Party API Outage,4
INC-2026546,2026-02-21 21:58:00,2026-02-22 07:22:00,102,1,P3 - Medium,9.4,24.0,0,0,Memory Leak in Application Service,4
INC-2026547,2026-06-26 03:52:00,2026-06-26 08:15:24,104,3,P3 - Medium,4.39,24.0,0,0,Network Packet Loss / Latency,5
INC-2026548,2026-01-25 18:58:00,2026-01-27 08:49:36,101,2,P4 - Low,37.86,48.0,0,0,Configuration Drift,5
INC-2026549,2026-05-06 05:51:00,2026-05-06 22:03:36,102,1,P3 - Medium,16.21,24.0,0,0,Unplanned Change Deployment,4
INC-2026550,2026-03-31 03:20:00,2026-03-31 16:59:36,103,2,P3 - Medium,13.66,24.0,0,0,Memory Leak in Application Service,4
INC-2026551,2026-06-05 13:40:00,2026-06-06 03:55:36,104,1,P4 - Low,14.26,48.0,0,0,Unplanned Change Deployment,2
INC-2026552,2026-03-09 11:45:00,2026-03-10 03:33:36,104,3,P3 - Medium,15.81,24.0,0,0,Configuration Drift,5
INC-2026553,2026-03-14 04:14:00,2026-03-14 07:57:12,101,3,P2 - High,3.72,8.0,0,0,Unplanned Change Deployment,5
INC-2026554,2026-03-20 12:55:00,2026-03-20 15:52:36,101,3,P1 - Critical,2.96,4.0,0,0,Memory Leak in Application Service,4
INC-2026555,2026-02-07 09:07:00,2026-02-08 11:49:36,103,1,P4 - Low,26.71,48.0,0,0,Network Packet Loss / Latency,3
INC-2026556,2026-03-14 02:03:00,2026-03-14 09:48:00,104,1,P3 - Medium,7.75,24.0,0,0,Memory Leak in Application Service,3
INC-2026557,2026-04-25 10:34:00,2026-04-25 13:02:48,105,3,P1 - Critical,2.48,4.0,0,0,Configuration Drift,4
INC-2026558,2026-05-08 00:12:00,2026-05-08 04:06:36,102,2,P2 - High,3.91,8.0,0,0,Third-Party API Outage,2
INC-2026559,2026-04-19 15:06:00,2026-04-20 19:58:48,102,2,P4 - Low,28.88,48.0,0,0,Network Packet Loss / Latency,4
INC-2026560,2026-02-13 05:53:00,2026-02-13 15:27:12,103,1,P4 - Low,9.57,48.0,0,0,Unplanned Change Deployment,3
INC-2026561,2026-02-21 19:12:00,2026-02-22 17:03:36,102,1,P4 - Low,21.86,48.0,0,0,Memory Leak in Application Service,5
INC-2026562,2026-05-21 00:54:00,2026-05-22 01:33:36,105,1,P4 - Low,24.66,48.0,0,0,Unplanned Change Deployment,5
INC-2026563,2026-03-05 09:44:00,2026-03-05 22:07:24,102,1,P3 - Medium,12.39,24.0,0,0,Database Deadlock / Query Timeout,5
INC-2026564,2026-04-25 20:50:00,2026-04-26 11:52:24,103,2,P3 - Medium,15.04,24.0,0,0,Configuration Drift,4
INC-2026565,2026-06-26 18:34:00,2026-06-29 00:08:12,105,1,P3 - Medium,53.57,24.0,1,0,Memory Leak in Application Service,4
INC-2026566,2026-06-30 13:06:00,2026-07-01 13:57:36,104,2,P4 - Low,24.86,48.0,0,1,User Credential Lockout,4
INC-2026567,2026-03-03 05:28:00,2026-03-04 07:44:12,102,2,P3 - Medium,26.27,24.0,1,0,Network Packet Loss / Latency,5
INC-2026568,2026-01-13 05:41:00,2026-01-13 10:08:36,102,2,P2 - High,4.46,8.0,0,0,Third-Party API Outage,4
INC-2026569,2026-06-16 20:08:00,2026-06-17 14:17:36,104,2,P3 - Medium,18.16,24.0,0,1,Memory Leak in Application Service,4
INC-2026570,2026-07-06 07:29:00,2026-07-07 12:39:12,105,1,P3 - Medium,29.17,24.0,1,0,Third-Party API Outage,2
INC-2026571,2026-05-14 21:41:00,2026-05-15 03:38:00,104,2,P2 - High,5.95,8.0,0,0,Memory Leak in Application Service,2
INC-2026572,2026-03-21 21:38:00,2026-03-21 23:08:00,102,2,P2 - High,1.5,8.0,0,1,Network Packet Loss / Latency,4
INC-2026573,2026-01-13 01:38:00,2026-01-13 11:08:36,101,1,P3 - Medium,9.51,24.0,0,0,User Credential Lockout,4
INC-2026574,2026-02-13 01:44:00,2026-02-13 04:08:36,105,2,P2 - High,2.41,8.0,0,0,Unplanned Change Deployment,1
INC-2026575,2026-05-08 23:51:00,2026-05-09 04:48:00,104,1,P2 - High,4.95,8.0,0,0,Database Deadlock / Query Timeout,4
INC-2026576,2026-02-21 00:39:00,2026-02-22 14:38:24,101,1,P4 - Low,37.99,48.0,0,0,Memory Leak in Application Service,4
INC-2026577,2026-05-09 01:28:00,2026-05-10 06:37:00,102,1,P4 - Low,29.15,48.0,0,0,Network Packet Loss / Latency,4
INC-2026578,2026-04-17 21:04:00,2026-04-17 23:41:12,105,2,P2 - High,2.62,8.0,0,0,Unplanned Change Deployment,5
INC-2026579,2026-02-05 00:05:00,2026-02-07 03:23:00,104,2,P3 - Medium,51.3,24.0,1,2,Configuration Drift,3
INC-2026580,2026-04-12 07:17:00,2026-04-12 08:56:36,102,2,P2 - High,1.66,8.0,0,0,Database Deadlock / Query Timeout,4
INC-2026581,2026-02-23 13:53:00,2026-02-25 04:29:00,104,2,P4 - Low,38.6,48.0,0,0,User Credential Lockout,4
INC-2026582,2026-02-22 02:18:00,2026-02-22 18:03:36,104,3,P4 - Low,15.76,48.0,0,0,User Credential Lockout,1
INC-2026583,2026-06-14 21:33:00,2026-06-17 02:24:00,101,1,P3 - Medium,52.85,24.0,1,0,User Credential Lockout,2
INC-2026584,2026-07-08 01:29:00,2026-07-08 18:03:12,103,2,P3 - Medium,16.57,24.0,0,0,User Credential Lockout,4
INC-2026585,2026-06-28 00:35:00,2026-06-28 03:02:00,101,1,P3 - Medium,2.45,24.0,0,0,Unplanned Change Deployment,4
INC-2026586,2026-06-17 05:59:00,2026-06-18 15:14:00,101,1,P4 - Low,33.25,48.0,0,0,Third-Party API Outage,4
INC-2026587,2026-07-14 21:52:00,2026-07-16 18:10:00,102,2,P4 - Low,44.3,48.0,0,0,User Credential Lockout,4
INC-2026588,2026-04-09 02:30:00,2026-04-09 10:41:24,105,1,P3 - Medium,8.19,24.0,0,0,Memory Leak in Application Service,5
INC-2026589,2026-02-17 21:08:00,2026-02-18 09:26:00,103,2,P3 - Medium,12.3,24.0,0,0,Unplanned Change Deployment,3
INC-2026590,2026-01-18 23:00:00,2026-01-22 20:58:48,104,1,P4 - Low,93.98,48.0,1,0,Configuration Drift,3
INC-2026591,2026-02-15 13:36:00,2026-02-15 14:32:24,104,3,P1 - Critical,0.94,4.0,0,0,Configuration Drift,4
INC-2026592,2026-06-06 02:10:00,2026-06-06 18:37:00,102,1,P3 - Medium,16.45,24.0,0,0,Unplanned Change Deployment,4
INC-2026593,2026-04-21 05:44:00,2026-04-22 03:09:48,103,2,P3 - Medium,21.43,24.0,0,0,Configuration Drift,5
INC-2026594,2026-05-12 13:31:00,2026-05-12 23:30:24,102,1,P3 - Medium,9.99,24.0,0,0,Configuration Drift,4
INC-2026595,2026-05-25 15:17:00,2026-05-26 08:29:36,102,2,P3 - Medium,17.21,24.0,0,0,User Credential Lockout,5
INC-2026596,2026-02-03 12:54:00,2026-02-03 17:44:24,104,2,P4 - Low,4.84,48.0,0,1,Configuration Drift,4
INC-2026597,2026-02-18 15:32:00,2026-02-19 04:32:00,104,1,P3 - Medium,13.0,24.0,0,0,Configuration Drift,4
INC-2026598,2026-01-04 06:27:00,2026-01-05 01:31:12,104,2,P3 - Medium,19.07,24.0,0,0,Unplanned Change Deployment,3
INC-2026599,2026-02-18 10:57:00,2026-02-18 18:01:12,101,1,P3 - Medium,7.07,24.0,0,1,Unplanned Change Deployment,4
INC-2026600,2026-02-07 15:01:00,2026-02-08 03:40:36,103,1,P2 - High,12.66,8.0,1,0,Database Deadlock / Query Timeout,4
INC-2026601,2026-05-20 16:16:00,2026-05-21 10:01:36,102,1,P3 - Medium,17.76,24.0,0,0,Unplanned Change Deployment,4
INC-2026602,2026-02-22 08:16:00,2026-02-24 05:04:00,105,2,P3 - Medium,44.8,24.0,1,0,Unplanned Change Deployment,3
INC-2026603,2026-03-02 02:04:00,2026-03-03 12:20:48,102,1,P4 - Low,34.28,48.0,0,0,User Credential Lockout,3
INC-2026604,2026-06-11 09:36:00,2026-06-11 13:46:12,101,1,P3 - Medium,4.17,24.0,0,0,Database Deadlock / Query Timeout,5
INC-2026605,2026-02-15 04:09:00,2026-02-15 14:22:48,104,1,P3 - Medium,10.23,24.0,0,0,Network Packet Loss / Latency,4
INC-2026606,2026-02-21 05:51:00,2026-02-21 11:01:48,102,1,P2 - High,5.18,8.0,0,0,Memory Leak in Application Service,4
INC-2026607,2026-04-15 01:40:00,2026-04-15 07:10:00,103,3,P2 - High,5.5,8.0,0,0,Database Deadlock / Query Timeout,5
INC-2026608,2026-07-08 20:09:00,2026-07-09 02:24:00,104,2,P3 - Medium,6.25,24.0,0,0,Network Packet Loss / Latency,5
INC-2026609,2026-01-21 04:49:00,2026-01-22 18:00:24,102,1,P4 - Low,37.19,48.0,0,1,User Credential Lockout,4
INC-2026610,2026-05-21 19:55:00,2026-05-23 14:30:24,105,1,P3 - Medium,42.59,24.0,1,0,Configuration Drift,3
INC-2026611,2026-07-12 16:14:00,2026-07-12 18:53:00,103,1,P3 - Medium,2.65,24.0,0,0,Network Packet Loss / Latency,5
INC-2026612,2026-02-18 09:17:00,2026-02-19 04:48:12,104,1,P3 - Medium,19.52,24.0,0,0,Network Packet Loss / Latency,3
INC-2026613,2026-07-19 06:08:00,2026-07-19 09:07:24,101,2,P1 - Critical,2.99,4.0,0,0,Configuration Drift,5
INC-2026614,2026-01-25 22:06:00,2026-01-27 06:48:36,101,1,P3 - Medium,32.71,24.0,1,0,Third-Party API Outage,3
INC-2026615,2026-05-26 05:33:00,2026-05-26 20:46:12,105,2,P3 - Medium,15.22,24.0,0,0,Third-Party API Outage,4
INC-2026616,2026-06-01 14:06:00,2026-06-02 11:18:36,105,2,P4 - Low,21.21,48.0,0,0,Memory Leak in Application Service,4
INC-2026617,2026-02-25 22:08:00,2026-02-26 06:51:12,105,1,P3 - Medium,8.72,24.0,0,0,Database Deadlock / Query Timeout,1
INC-2026618,2026-02-26 21:42:00,2026-02-27 08:04:12,101,1,P3 - Medium,10.37,24.0,0,0,Network Packet Loss / Latency,5
INC-2026619,2026-06-09 14:48:00,2026-06-11 06:08:24,101,2,P4 - Low,39.34,48.0,0,0,Database Deadlock / Query Timeout,5
INC-2026620,2026-02-01 17:20:00,2026-02-01 18:55:24,105,3,P2 - High,1.59,8.0,0,0,Memory Leak in Application Service,5
INC-2026621,2026-01-21 08:50:00,2026-01-21 14:40:24,102,3,P2 - High,5.84,8.0,0,1,Configuration Drift,3
INC-2026622,2026-01-05 22:40:00,2026-01-06 15:22:36,102,3,P3 - Medium,16.71,24.0,0,0,User Credential Lockout,5
INC-2026623,2026-05-07 13:33:00,2026-05-08 07:55:12,103,1,P3 - Medium,18.37,24.0,0,0,Database Deadlock / Query Timeout,3
INC-2026624,2026-05-16 17:26:00,2026-05-21 02:12:12,103,1,P4 - Low,104.77,48.0,1,0,Unplanned Change Deployment,4
INC-2026625,2026-02-13 07:35:00,2026-02-13 10:35:00,104,2,P3 - Medium,3.0,24.0,0,2,Network Packet Loss / Latency,4
INC-2026626,2026-07-11 01:30:00,2026-07-15 05:28:48,105,2,P4 - Low,99.98,48.0,1,0,Unplanned Change Deployment,5
INC-2026627,2026-01-29 09:26:00,2026-01-29 13:42:12,101,2,P2 - High,4.27,8.0,0,0,User Credential Lockout,4
INC-2026628,2026-03-03 02:13:00,2026-03-03 17:25:36,101,2,P4 - Low,15.21,48.0,0,0,Memory Leak in Application Service,5
INC-2026629,2026-02-12 07:48:00,2026-02-12 20:34:48,101,1,P3 - Medium,12.78,24.0,0,0,Third-Party API Outage,5
INC-2026630,2026-01-05 19:22:00,2026-01-05 21:22:00,104,3,P1 - Critical,2.0,4.0,0,0,Database Deadlock / Query Timeout,5
INC-2026631,2026-03-07 11:47:00,2026-03-08 07:40:24,105,1,P3 - Medium,19.89,24.0,0,0,Third-Party API Outage,4
INC-2026632,2026-06-03 00:30:00,2026-06-03 15:25:48,103,1,P4 - Low,14.93,48.0,0,0,Network Packet Loss / Latency,5
INC-2026633,2026-01-29 16:35:00,2026-01-29 17:23:36,101,3,P1 - Critical,0.81,4.0,0,0,Database Deadlock / Query Timeout,5
INC-2026634,2026-03-23 14:13:00,2026-03-23 21:41:12,104,1,P2 - High,7.47,8.0,0,0,Configuration Drift,5
INC-2026635,2026-06-19 16:03:00,2026-06-20 10:13:48,103,1,P3 - Medium,18.18,24.0,0,0,Network Packet Loss / Latency,5
INC-2026636,2026-02-01 18:50:00,2026-02-01 21:23:36,102,2,P3 - Medium,2.56,24.0,0,0,Network Packet Loss / Latency,4
INC-2026637,2026-04-21 23:36:00,2026-04-22 02:03:00,103,2,P2 - High,2.45,8.0,0,0,Memory Leak in Application Service,4
INC-2026638,2026-06-29 23:03:00,2026-06-30 17:16:48,105,1,P3 - Medium,18.23,24.0,0,0,Third-Party API Outage,3
INC-2026639,2026-03-31 13:57:00,2026-04-02 08:47:24,101,3,P4 - Low,42.84,48.0,0,0,Database Deadlock / Query Timeout,5
INC-2026640,2026-07-17 12:05:00,2026-07-18 07:36:48,101,1,P3 - Medium,19.53,24.0,0,0,Network Packet Loss / Latency,4
INC-2026641,2026-01-01 20:46:00,2026-01-02 16:55:00,103,2,P4 - Low,20.15,48.0,0,0,Configuration Drift,2
INC-2026642,2026-03-17 01:00:00,2026-03-17 08:15:36,104,1,P3 - Medium,7.26,24.0,0,0,Configuration Drift,4
INC-2026643,2026-02-22 04:04:00,2026-02-22 12:40:00,102,3,P4 - Low,8.6,48.0,0,0,Third-Party API Outage,5
INC-2026644,2026-07-09 13:43:00,2026-07-10 10:23:12,104,1,P3 - Medium,20.67,24.0,0,0,Unplanned Change Deployment,4
INC-2026645,2026-02-01 05:53:00,2026-02-02 07:18:12,104,2,P4 - Low,25.42,48.0,0,0,Configuration Drift,4
INC-2026646,2026-01-24 00:14:00,2026-01-24 07:35:36,102,3,P2 - High,7.36,8.0,0,0,Network Packet Loss / Latency,4
INC-2026647,2026-04-06 08:34:00,2026-04-07 05:51:24,104,2,P3 - Medium,21.29,24.0,0,0,Unplanned Change Deployment,4
INC-2026648,2026-04-30 02:49:00,2026-04-30 05:28:00,101,3,P2 - High,2.65,8.0,0,0,Database Deadlock / Query Timeout,5
INC-2026649,2026-02-19 21:21:00,2026-02-20 11:40:48,102,1,P3 - Medium,14.33,24.0,0,0,Configuration Drift,5
INC-2026650,2026-03-02 04:19:00,2026-03-02 07:15:24,101,2,P2 - High,2.94,8.0,0,0,Memory Leak in Application Service,3
INC-2026651,2026-05-11 18:45:00,2026-05-12 01:23:24,103,1,P3 - Medium,6.64,24.0,0,0,User Credential Lockout,4
INC-2026652,2026-04-07 19:40:00,2026-04-07 20:22:36,103,3,P1 - Critical,0.71,4.0,0,0,Third-Party API Outage,4
INC-2026653,2026-01-16 00:24:00,2026-01-16 20:16:12,102,1,P3 - Medium,19.87,24.0,0,0,Configuration Drift,1
INC-2026654,2026-04-01 16:58:00,2026-04-01 20:27:24,101,3,P2 - High,3.49,8.0,0,0,Unplanned Change Deployment,3
INC-2026655,2026-04-20 03:18:00,2026-04-21 01:54:36,101,1,P3 - Medium,22.61,24.0,0,0,User Credential Lockout,4
INC-2026656,2026-06-14 23:23:00,2026-06-16 02:37:24,101,2,P4 - Low,27.24,48.0,0,0,User Credential Lockout,5
INC-2026657,2026-02-07 10:28:00,2026-02-07 15:43:00,101,3,P3 - Medium,5.25,24.0,0,0,Configuration Drift,4
INC-2026658,2026-03-23 06:23:00,2026-03-25 12:14:36,103,1,P3 - Medium,53.86,24.0,1,0,Unplanned Change Deployment,5
INC-2026659,2026-01-31 22:20:00,2026-01-31 23:36:48,101,2,P1 - Critical,1.28,4.0,0,0,Configuration Drift,4
INC-2026660,2026-01-24 19:21:00,2026-01-26 02:30:36,102,2,P4 - Low,31.16,48.0,0,1,Configuration Drift,5
INC-2026661,2026-05-02 01:07:00,2026-05-02 20:26:48,101,2,P2 - High,19.33,8.0,1,0,Database Deadlock / Query Timeout,4
INC-2026662,2026-06-08 00:58:00,2026-06-08 02:42:24,101,2,P1 - Critical,1.74,4.0,0,1,User Credential Lockout,4
INC-2026663,2026-06-05 16:14:00,2026-06-05 23:00:48,102,1,P3 - Medium,6.78,24.0,0,0,Network Packet Loss / Latency,4
INC-2026664,2026-04-13 05:24:00,2026-04-13 10:49:48,105,1,P3 - Medium,5.43,24.0,0,0,Memory Leak in Application Service,4
INC-2026665,2026-03-31 19:42:00,2026-04-01 20:51:00,105,2,P4 - Low,25.15,48.0,0,0,User Credential Lockout,4
INC-2026666,2026-01-23 12:50:00,2026-01-25 03:21:48,104,2,P3 - Medium,38.53,24.0,1,0,Database Deadlock / Query Timeout,4
INC-2026667,2026-07-11 18:38:00,2026-07-12 17:18:48,105,1,P3 - Medium,22.68,24.0,0,0,Third-Party API Outage,4
INC-2026668,2026-01-08 10:39:00,2026-01-09 05:00:00,103,1,P3 - Medium,18.35,24.0,0,0,User Credential Lockout,4
INC-2026669,2026-07-18 14:04:00,2026-07-18 23:29:12,105,1,P3 - Medium,9.42,24.0,0,1,Memory Leak in Application Service,4
INC-2026670,2026-04-28 10:13:00,2026-04-28 16:17:12,103,1,P3 - Medium,6.07,24.0,0,0,Memory Leak in Application Service,4
INC-2026671,2026-03-22 01:49:00,2026-03-22 19:37:00,103,3,P2 - High,17.8,8.0,1,0,Configuration Drift,4
INC-2026672,2026-06-22 01:38:00,2026-06-22 19:40:24,102,1,P3 - Medium,18.04,24.0,0,0,Database Deadlock / Query Timeout,4
INC-2026673,2026-02-06 18:59:00,2026-02-07 02:18:12,105,1,P3 - Medium,7.32,24.0,0,0,Third-Party API Outage,4
INC-2026674,2026-01-21 16:32:00,2026-01-21 20:09:12,105,3,P1 - Critical,3.62,4.0,0,1,Third-Party API Outage,4
INC-2026675,2026-05-22 18:05:00,2026-05-23 13:36:12,102,1,P3 - Medium,19.52,24.0,0,0,Database Deadlock / Query Timeout,5
INC-2026676,2026-03-28 11:00:00,2026-03-29 05:51:00,103,3,P3 - Medium,18.85,24.0,0,0,Memory Leak in Application Service,1
INC-2026677,2026-01-11 14:28:00,2026-01-12 09:37:00,105,2,P4 - Low,19.15,48.0,0,0,Memory Leak in Application Service,4
INC-2026678,2026-02-22 01:42:00,2026-02-22 02:44:24,104,2,P1 - Critical,1.04,4.0,0,0,Memory Leak in Application Service,4
INC-2026679,2026-04-23 20:32:00,2026-04-23 23:42:12,101,1,P3 - Medium,3.17,24.0,0,0,Database Deadlock / Query Timeout,4
INC-2026680,2026-03-21 23:58:00,2026-03-23 17:47:48,103,3,P3 - Medium,41.83,24.0,1,0,Memory Leak in Application Service,1
INC-2026681,2026-03-15 16:25:00,2026-03-16 11:07:00,102,2,P4 - Low,18.7,48.0,0,0,Third-Party API Outage,4
INC-2026682,2026-04-29 03:33:00,2026-04-30 09:53:24,102,1,P3 - Medium,30.34,24.0,1,0,Third-Party API Outage,3
INC-2026683,2026-02-10 17:14:00,2026-02-10 23:53:00,101,2,P2 - High,6.65,8.0,0,0,Network Packet Loss / Latency,4
INC-2026684,2026-05-25 08:46:00,2026-05-25 10:18:24,103,3,P1 - Critical,1.54,4.0,0,1,Database Deadlock / Query Timeout,5
INC-2026685,2026-02-27 16:17:00,2026-02-28 14:54:12,104,1,P4 - Low,22.62,48.0,0,1,Unplanned Change Deployment,2
INC-2026686,2026-04-26 20:27:00,2026-04-27 18:36:36,105,1,P3 - Medium,22.16,24.0,0,0,Third-Party API Outage,3
INC-2026687,2026-05-11 05:59:00,2026-05-11 20:23:36,102,2,P3 - Medium,14.41,24.0,0,0,User Credential Lockout,3
INC-2026688,2026-04-23 01:03:00,2026-04-23 17:52:12,102,2,P4 - Low,16.82,48.0,0,0,Unplanned Change Deployment,4
INC-2026689,2026-01-01 23:42:00,2026-01-02 06:57:00,104,2,P2 - High,7.25,8.0,0,1,Third-Party API Outage,4
INC-2026690,2026-01-13 02:57:00,2026-01-13 11:50:24,105,2,P3 - Medium,8.89,24.0,0,0,Database Deadlock / Query Timeout,2
INC-2026691,2026-02-08 05:43:00,2026-02-08 07:28:36,101,1,P2 - High,1.76,8.0,0,0,Database Deadlock / Query Timeout,4
INC-2026692,2026-05-07 14:28:00,2026-05-07 16:24:24,101,3,P2 - High,1.94,8.0,0,0,Third-Party API Outage,3
INC-2026693,2026-05-03 13:49:00,2026-05-03 21:37:36,102,2,P3 - Medium,7.81,24.0,0,0,Unplanned Change Deployment,4
INC-2026694,2026-01-26 00:23:00,2026-01-27 13:17:36,101,1,P4 - Low,36.91,48.0,0,0,Configuration Drift,4
INC-2026695,2026-05-21 20:22:00,2026-05-21 22:11:48,102,2,P1 - Critical,1.83,4.0,0,0,User Credential Lockout,3
INC-2026696,2026-06-29 20:36:00,2026-06-29 22:11:24,104,3,P1 - Critical,1.59,4.0,0,2,Configuration Drift,5
INC-2026697,2026-06-24 21:50:00,2026-06-26 02:12:48,102,1,P4 - Low,28.38,48.0,0,1,Database Deadlock / Query Timeout,3
INC-2026698,2026-06-14 15:24:00,2026-06-19 04:40:12,103,3,P4 - Low,109.27,48.0,1,0,Configuration Drift,5
INC-2026699,2026-04-27 08:59:00,2026-04-27 13:31:24,103,1,P3 - Medium,4.54,24.0,0,0,Database Deadlock / Query Timeout,4
INC-2026700,2026-05-18 00:48:00,2026-05-18 01:27:36,101,3,P1 - Critical,0.66,4.0,0,2,Network Packet Loss / Latency,3
INC-2026701,2026-06-26 02:13:00,2026-06-27 00:37:00,102,3,P4 - Low,22.4,48.0,0,1,Memory Leak in Application Service,5
INC-2026702,2026-06-08 10:06:00,2026-06-08 14:34:12,102,3,P3 - Medium,4.47,24.0,0,0,Database Deadlock / Query Timeout,3
INC-2026703,2026-05-30 08:20:00,2026-05-31 01:27:48,105,2,P3 - Medium,17.13,24.0,0,0,Network Packet Loss / Latency,4
INC-2026704,2026-04-13 19:59:00,2026-04-14 00:20:36,104,1,P3 - Medium,4.36,24.0,0,0,Memory Leak in Application Service,5
INC-2026705,2026-06-29 01:58:00,2026-06-29 11:43:36,104,1,P3 - Medium,9.76,24.0,0,0,Configuration Drift,4
INC-2026706,2026-04-18 13:48:00,2026-04-19 20:06:00,104,1,P4 - Low,30.3,48.0,0,0,Database Deadlock / Query Timeout,3
INC-2026707,2026-02-05 15:29:00,2026-02-06 22:37:24,103,2,P3 - Medium,31.14,24.0,1,0,Configuration Drift,2
INC-2026708,2026-06-22 18:07:00,2026-06-23 02:48:24,104,1,P3 - Medium,8.69,24.0,0,0,User Credential Lockout,4
INC-2026709,2026-06-28 09:47:00,2026-06-28 12:23:00,105,2,P2 - High,2.6,8.0,0,0,User Credential Lockout,5
INC-2026710,2026-03-09 15:31:00,2026-03-10 11:52:36,102,1,P4 - Low,20.36,48.0,0,0,User Credential Lockout,4
INC-2026711,2026-01-17 13:52:00,2026-01-18 01:45:24,102,2,P3 - Medium,11.89,24.0,0,1,Third-Party API Outage,5
INC-2026712,2026-04-09 02:43:00,2026-04-09 08:11:48,101,1,P3 - Medium,5.48,24.0,0,0,Configuration Drift,4
INC-2026713,2026-05-06 12:05:00,2026-05-06 22:56:00,105,1,P3 - Medium,10.85,24.0,0,0,Database Deadlock / Query Timeout,3
INC-2026714,2026-01-23 12:53:00,2026-01-23 19:15:12,104,3,P2 - High,6.37,8.0,0,0,Memory Leak in Application Service,4
INC-2026715,2026-06-23 05:04:00,2026-06-23 07:28:00,103,1,P2 - High,2.4,8.0,0,0,Configuration Drift,3
INC-2026716,2026-05-25 01:51:00,2026-05-26 11:47:24,105,1,P4 - Low,33.94,48.0,0,1,Memory Leak in Application Service,4
INC-2026717,2026-07-08 12:01:00,2026-07-09 04:14:12,105,1,P3 - Medium,16.22,24.0,0,0,Database Deadlock / Query Timeout,5
INC-2026718,2026-02-14 03:02:00,2026-02-14 06:53:00,102,2,P2 - High,3.85,8.0,0,1,Database Deadlock / Query Timeout,5
INC-2026719,2026-03-12 12:03:00,2026-03-15 19:55:12,104,1,P4 - Low,79.87,48.0,1,0,Database Deadlock / Query Timeout,4
INC-2026720,2026-02-24 04:10:00,2026-02-24 11:49:36,101,1,P3 - Medium,7.66,24.0,0,0,Configuration Drift,3
INC-2026721,2026-05-22 15:15:00,2026-05-23 04:54:36,103,2,P3 - Medium,13.66,24.0,0,0,Memory Leak in Application Service,2
INC-2026722,2026-06-17 03:26:00,2026-06-17 03:52:24,105,3,P1 - Critical,0.44,4.0,0,0,Memory Leak in Application Service,4
INC-2026723,2026-07-10 14:12:00,2026-07-10 23:35:24,102,2,P4 - Low,9.39,48.0,0,0,Database Deadlock / Query Timeout,4
INC-2026724,2026-02-06 19:35:00,2026-02-07 23:20:36,101,2,P4 - Low,27.76,48.0,0,0,Third-Party API Outage,5
INC-2026725,2026-04-15 11:55:00,2026-04-16 08:16:00,104,1,P3 - Medium,20.35,24.0,0,0,Network Packet Loss / Latency,1
INC-2026726,2026-05-20 19:05:00,2026-05-20 23:46:24,104,3,P2 - High,4.69,8.0,0,0,Configuration Drift,4
INC-2026727,2026-03-05 00:42:00,2026-03-05 06:01:48,105,1,P3 - Medium,5.33,24.0,0,1,Unplanned Change Deployment,3
INC-2026728,2026-05-27 14:16:00,2026-05-29 22:25:36,103,1,P3 - Medium,56.16,24.0,1,0,Unplanned Change Deployment,1
INC-2026729,2026-03-28 19:59:00,2026-03-30 13:43:24,103,3,P3 - Medium,41.74,24.0,1,0,Network Packet Loss / Latency,4
INC-2026730,2026-01-08 16:47:00,2026-01-09 11:22:24,103,2,P3 - Medium,18.59,24.0,0,0,Network Packet Loss / Latency,4
INC-2026731,2026-06-29 07:50:00,2026-06-30 00:12:12,102,2,P3 - Medium,16.37,24.0,0,0,Database Deadlock / Query Timeout,3
INC-2026732,2026-04-20 17:38:00,2026-04-21 05:04:24,103,3,P3 - Medium,11.44,24.0,0,0,Network Packet Loss / Latency,5
INC-2026733,2026-06-02 01:48:00,2026-06-02 10:14:24,104,1,P4 - Low,8.44,48.0,0,0,Database Deadlock / Query Timeout,4
INC-2026734,2026-05-29 13:54:00,2026-05-29 16:52:48,103,3,P1 - Critical,2.98,4.0,0,0,Third-Party API Outage,3
INC-2026735,2026-01-21 19:08:00,2026-01-22 06:25:24,103,1,P4 - Low,11.29,48.0,0,1,Unplanned Change Deployment,2
INC-2026736,2026-07-04 20:26:00,2026-07-05 02:32:36,105,2,P2 - High,6.11,8.0,0,0,Memory Leak in Application Service,5
INC-2026737,2026-01-11 20:57:00,2026-01-13 13:27:36,102,1,P4 - Low,40.51,48.0,0,0,Third-Party API Outage,4
INC-2026738,2026-01-22 07:33:00,2026-01-22 19:15:36,103,3,P3 - Medium,11.71,24.0,0,0,Unplanned Change Deployment,4
INC-2026739,2026-03-14 19:50:00,2026-03-15 15:02:00,105,1,P3 - Medium,19.2,24.0,0,1,User Credential Lockout,4
INC-2026740,2026-02-15 10:25:00,2026-02-15 17:45:24,104,2,P3 - Medium,7.34,24.0,0,0,Memory Leak in Application Service,5
INC-2026741,2026-06-12 18:06:00,2026-06-13 00:49:12,105,2,P2 - High,6.72,8.0,0,0,Memory Leak in Application Service,5
INC-2026742,2026-05-08 16:14:00,2026-05-10 07:12:48,103,2,P4 - Low,38.98,48.0,0,0,Unplanned Change Deployment,4
INC-2026743,2026-02-03 05:51:00,2026-02-04 02:25:12,102,1,P4 - Low,20.57,48.0,0,0,Third-Party API Outage,3
INC-2026744,2026-03-20 08:44:00,2026-03-21 15:56:36,102,2,P4 - Low,31.21,48.0,0,0,Network Packet Loss / Latency,1
INC-2026745,2026-05-30 10:19:00,2026-06-01 02:23:48,101,1,P4 - Low,40.08,48.0,0,0,User Credential Lockout,5
INC-2026746,2026-02-18 12:10:00,2026-02-19 02:49:36,101,1,P3 - Medium,14.66,24.0,0,0,Database Deadlock / Query Timeout,5
INC-2026747,2026-04-03 05:25:00,2026-04-04 03:03:24,103,3,P3 - Medium,21.64,24.0,0,0,User Credential Lockout,4
INC-2026748,2026-05-18 09:41:00,2026-05-18 21:26:36,102,2,P3 - Medium,11.76,24.0,0,0,User Credential Lockout,5
INC-2026749,2026-04-21 08:11:00,2026-04-22 03:24:12,104,1,P3 - Medium,19.22,24.0,0,0,Memory Leak in Application Service,5
INC-2026750,2026-02-07 14:01:00,2026-02-08 10:00:24,103,2,P2 - High,19.99,8.0,1,0,Memory Leak in Application Service,5
INC-2026751,2026-04-14 06:04:00,2026-04-14 10:40:36,101,2,P3 - Medium,4.61,24.0,0,0,Network Packet Loss / Latency,4
INC-2026752,2026-04-11 23:56:00,2026-04-12 19:54:12,103,2,P3 - Medium,19.97,24.0,0,1,Unplanned Change Deployment,1
INC-2026753,2026-04-20 02:52:00,2026-04-20 15:49:00,102,1,P3 - Medium,12.95,24.0,0,0,Configuration Drift,4
INC-2026754,2026-05-28 11:03:00,2026-05-29 03:20:24,101,1,P3 - Medium,16.29,24.0,0,0,Unplanned Change Deployment,4
INC-2026755,2026-07-01 10:06:00,2026-07-01 17:47:24,104,1,P3 - Medium,7.69,24.0,0,0,User Credential Lockout,5
INC-2026756,2026-05-22 16:47:00,2026-05-22 21:32:36,105,2,P2 - High,4.76,8.0,0,0,Third-Party API Outage,4
INC-2026757,2026-03-11 11:30:00,2026-03-11 14:19:48,105,2,P1 - Critical,2.83,4.0,0,1,Unplanned Change Deployment,4
INC-2026758,2026-06-23 13:02:00,2026-06-24 05:08:36,105,2,P3 - Medium,16.11,24.0,0,0,Network Packet Loss / Latency,4
INC-2026759,2026-03-04 05:21:00,2026-03-05 21:54:36,102,1,P4 - Low,40.56,48.0,0,0,Network Packet Loss / Latency,4
INC-2026760,2026-02-05 20:52:00,2026-02-06 14:22:36,105,3,P3 - Medium,17.51,24.0,0,0,Third-Party API Outage,4
INC-2026761,2026-03-08 23:40:00,2026-03-09 06:35:12,101,3,P2 - High,6.92,8.0,0,0,Database Deadlock / Query Timeout,4
INC-2026762,2026-05-10 16:30:00,2026-05-11 12:40:48,104,2,P3 - Medium,20.18,24.0,0,0,Third-Party API Outage,4
INC-2026763,2026-05-01 23:05:00,2026-05-02 13:26:00,104,1,P3 - Medium,14.35,24.0,0,0,Third-Party API Outage,4
INC-2026764,2026-02-13 05:11:00,2026-02-13 11:52:24,105,2,P2 - High,6.69,8.0,0,0,Memory Leak in Application Service,5
INC-2026765,2026-01-27 06:17:00,2026-01-27 12:39:12,101,1,P3 - Medium,6.37,24.0,0,0,Third-Party API Outage,5
INC-2026766,2026-05-20 07:04:00,2026-05-20 10:40:36,102,1,P2 - High,3.61,8.0,0,0,Database Deadlock / Query Timeout,4
INC-2026767,2026-03-15 06:13:00,2026-03-16 04:45:24,104,1,P3 - Medium,22.54,24.0,0,0,Database Deadlock / Query Timeout,5
INC-2026768,2026-04-26 12:36:00,2026-04-26 14:37:48,101,2,P2 - High,2.03,8.0,0,0,User Credential Lockout,4
INC-2026769,2026-05-02 10:33:00,2026-05-02 16:33:36,101,1,P3 - Medium,6.01,24.0,0,0,Configuration Drift,5
INC-2026770,2026-06-14 22:06:00,2026-06-16 09:57:36,102,1,P4 - Low,35.86,48.0,0,0,Memory Leak in Application Service,5
INC-2026771,2026-02-28 00:25:00,2026-02-28 18:23:48,101,2,P3 - Medium,17.98,24.0,0,0,Database Deadlock / Query Timeout,4
INC-2026772,2026-06-08 05:49:00,2026-06-08 16:26:48,104,2,P3 - Medium,10.63,24.0,0,0,User Credential Lockout,1
INC-2026773,2026-01-03 00:47:00,2026-01-04 08:55:24,103,1,P3 - Medium,32.14,24.0,1,0,Configuration Drift,5
INC-2026774,2026-04-28 15:32:00,2026-04-29 04:45:48,101,2,P3 - Medium,13.23,24.0,0,0,Unplanned Change Deployment,4
INC-2026775,2026-01-02 20:02:00,2026-01-03 10:59:00,103,1,P4 - Low,14.95,48.0,0,0,Network Packet Loss / Latency,4
INC-2026776,2026-02-17 06:36:00,2026-02-17 20:50:24,103,3,P2 - High,14.24,8.0,1,1,Database Deadlock / Query Timeout,4
INC-2026777,2026-01-25 02:29:00,2026-01-25 05:18:48,103,2,P2 - High,2.83,8.0,0,0,User Credential Lockout,1
INC-2026778,2026-07-09 18:20:00,2026-07-10 03:37:24,102,2,P3 - Medium,9.29,24.0,0,0,Network Packet Loss / Latency,3
INC-2026779,2026-06-28 19:14:00,2026-06-29 01:28:24,104,1,P3 - Medium,6.24,24.0,0,0,Configuration Drift,5
INC-2026780,2026-03-25 11:56:00,2026-03-26 10:25:24,102,1,P3 - Medium,22.49,24.0,0,0,Unplanned Change Deployment,3
INC-2026781,2026-01-09 07:28:00,2026-01-09 09:25:00,103,2,P2 - High,1.95,8.0,0,0,Unplanned Change Deployment,4
INC-2026782,2026-01-14 22:29:00,2026-01-15 13:56:36,105,2,P3 - Medium,15.46,24.0,0,0,Memory Leak in Application Service,2
INC-2026783,2026-01-19 00:33:00,2026-01-19 07:18:36,101,2,P4 - Low,6.76,48.0,0,0,Unplanned Change Deployment,5
INC-2026784,2026-01-08 12:30:00,2026-01-10 22:57:36,104,1,P4 - Low,58.46,48.0,1,0,User Credential Lockout,4
INC-2026785,2026-02-15 07:59:00,2026-02-15 20:03:48,102,2,P3 - Medium,12.08,24.0,0,0,Database Deadlock / Query Timeout,2
INC-2026786,2026-01-04 17:18:00,2026-01-05 09:12:00,105,3,P3 - Medium,15.9,24.0,0,0,Network Packet Loss / Latency,4
INC-2026787,2026-02-20 06:33:00,2026-02-20 13:27:36,105,2,P2 - High,6.91,8.0,0,1,Unplanned Change Deployment,4
INC-2026788,2026-02-13 04:46:00,2026-02-14 17:35:12,104,1,P4 - Low,36.82,48.0,0,0,Database Deadlock / Query Timeout,3
INC-2026789,2026-03-15 01:26:00,2026-03-15 20:47:36,102,1,P3 - Medium,19.36,24.0,0,0,Network Packet Loss / Latency,4
INC-2026790,2026-05-30 12:30:00,2026-05-30 18:54:36,104,1,P4 - Low,6.41,48.0,0,0,Database Deadlock / Query Timeout,4
INC-2026791,2026-06-25 08:06:00,2026-06-25 10:33:36,101,1,P3 - Medium,2.46,24.0,0,0,Configuration Drift,4
INC-2026792,2026-06-30 05:32:00,2026-06-30 10:15:12,105,3,P1 - Critical,4.72,4.0,1,1,Configuration Drift,3
INC-2026793,2026-02-07 05:05:00,2026-02-08 12:10:24,104,1,P4 - Low,31.09,48.0,0,0,Network Packet Loss / Latency,4
INC-2026794,2026-04-07 11:57:00,2026-04-07 13:25:48,102,2,P2 - High,1.48,8.0,0,0,Third-Party API Outage,3
INC-2026795,2026-01-15 16:40:00,2026-01-16 02:25:00,103,2,P3 - Medium,9.75,24.0,0,0,User Credential Lockout,4
INC-2026796,2026-02-12 12:45:00,2026-02-13 05:57:00,101,2,P2 - High,17.2,8.0,1,0,Configuration Drift,3
INC-2026797,2026-02-20 17:18:00,2026-02-20 23:10:48,103,1,P3 - Medium,5.88,24.0,0,0,User Credential Lockout,4
INC-2026798,2026-04-09 00:31:00,2026-04-09 09:06:24,103,2,P4 - Low,8.59,48.0,0,0,Database Deadlock / Query Timeout,5
INC-2026799,2026-02-11 18:40:00,2026-02-13 14:43:36,103,1,P4 - Low,44.06,48.0,0,0,Third-Party API Outage,4
INC-2026800,2026-05-21 18:26:00,2026-05-22 18:44:36,104,2,P4 - Low,24.31,48.0,0,0,Unplanned Change Deployment,4
INC-2026801,2026-03-03 01:20:00,2026-03-05 02:45:48,101,1,P3 - Medium,49.43,24.0,1,0,Third-Party API Outage,5
INC-2026802,2026-02-28 08:49:00,2026-03-02 17:43:36,104,2,P3 - Medium,56.91,24.0,1,0,Third-Party API Outage,5
INC-2026803,2026-06-09 20:43:00,2026-06-10 06:52:00,103,2,P3 - Medium,10.15,24.0,0,0,Memory Leak in Application Service,4
INC-2026804,2026-01-11 19:48:00,2026-01-12 02:34:48,102,2,P2 - High,6.78,8.0,0,0,User Credential Lockout,3
INC-2026805,2026-06-28 01:16:00,2026-06-28 14:26:12,101,1,P2 - High,13.17,8.0,1,0,Configuration Drift,5
INC-2026806,2026-04-06 14:00:00,2026-04-06 16:39:00,105,1,P3 - Medium,2.65,24.0,0,0,Third-Party API Outage,1
INC-2026807,2026-03-23 21:12:00,2026-03-24 02:33:00,103,3,P2 - High,5.35,8.0,0,0,Memory Leak in Application Service,4
INC-2026808,2026-07-10 18:56:00,2026-07-10 23:56:00,104,2,P2 - High,5.0,8.0,0,0,Unplanned Change Deployment,4
INC-2026809,2026-04-01 20:05:00,2026-04-02 01:23:36,104,1,P2 - High,5.31,8.0,0,0,Database Deadlock / Query Timeout,3
INC-2026810,2026-01-21 04:48:00,2026-01-22 00:02:24,105,3,P2 - High,19.24,8.0,1,0,Third-Party API Outage,4
INC-2026811,2026-06-21 04:42:00,2026-06-22 00:50:24,101,1,P3 - Medium,20.14,24.0,0,0,Third-Party API Outage,4
INC-2026812,2026-06-29 08:05:00,2026-06-29 17:14:00,103,1,P3 - Medium,9.15,24.0,0,0,Configuration Drift,4
INC-2026813,2026-07-04 21:36:00,2026-07-06 04:39:00,104,2,P4 - Low,31.05,48.0,0,0,Third-Party API Outage,3
INC-2026814,2026-03-27 21:27:00,2026-03-29 14:06:36,105,1,P3 - Medium,40.66,24.0,1,0,User Credential Lockout,3
INC-2026815,2026-02-02 09:07:00,2026-02-02 20:38:12,101,1,P3 - Medium,11.52,24.0,0,0,User Credential Lockout,5
INC-2026816,2026-01-07 19:16:00,2026-01-08 08:26:48,105,2,P2 - High,13.18,8.0,1,0,Memory Leak in Application Service,1
INC-2026817,2026-01-01 09:28:00,2026-01-02 22:34:00,105,1,P4 - Low,37.1,48.0,0,0,Unplanned Change Deployment,4
INC-2026818,2026-04-22 05:37:00,2026-04-22 19:29:12,104,2,P3 - Medium,13.87,24.0,0,0,Network Packet Loss / Latency,1
INC-2026819,2026-05-13 14:56:00,2026-05-14 09:59:36,104,1,P3 - Medium,19.06,24.0,0,0,Network Packet Loss / Latency,5
INC-2026820,2026-06-22 14:18:00,2026-06-23 09:55:12,104,1,P4 - Low,19.62,48.0,0,0,Configuration Drift,5
INC-2026821,2026-02-05 19:25:00,2026-02-06 02:20:12,103,1,P3 - Medium,6.92,24.0,0,0,Network Packet Loss / Latency,5
INC-2026822,2026-04-17 15:23:00,2026-04-18 01:24:48,101,1,P3 - Medium,10.03,24.0,0,0,Configuration Drift,5
INC-2026823,2026-03-02 02:24:00,2026-03-03 16:43:48,104,1,P4 - Low,38.33,48.0,0,0,Configuration Drift,5
INC-2026824,2026-04-03 22:00:00,2026-04-04 04:13:48,104,1,P3 - Medium,6.23,24.0,0,1,Database Deadlock / Query Timeout,2
INC-2026825,2026-06-16 17:43:00,2026-06-17 00:00:24,103,1,P3 - Medium,6.29,24.0,0,0,Configuration Drift,5
INC-2026826,2026-06-01 05:41:00,2026-06-03 04:55:24,105,3,P3 - Medium,47.24,24.0,1,0,Configuration Drift,4
INC-2026827,2026-06-14 08:34:00,2026-06-14 13:22:36,105,2,P2 - High,4.81,8.0,0,0,Database Deadlock / Query Timeout,2
INC-2026828,2026-07-01 22:49:00,2026-07-04 01:38:12,105,1,P3 - Medium,50.82,24.0,1,0,User Credential Lockout,4
INC-2026829,2026-06-26 03:55:00,2026-06-26 22:14:48,102,1,P3 - Medium,18.33,24.0,0,0,Unplanned Change Deployment,4
INC-2026830,2026-03-05 13:22:00,2026-03-05 18:23:12,104,1,P3 - Medium,5.02,24.0,0,0,Unplanned Change Deployment,5
INC-2026831,2026-04-28 12:18:00,2026-04-28 22:33:00,105,1,P3 - Medium,10.25,24.0,0,0,Unplanned Change Deployment,4
INC-2026832,2026-04-01 17:08:00,2026-04-03 13:14:36,103,2,P4 - Low,44.11,48.0,0,0,User Credential Lockout,4
INC-2026833,2026-02-18 21:25:00,2026-02-19 12:48:24,105,2,P2 - High,15.39,8.0,1,0,Network Packet Loss / Latency,5
INC-2026834,2026-07-19 18:48:00,2026-07-20 00:26:24,105,2,P2 - High,5.64,8.0,0,1,Unplanned Change Deployment,5
INC-2026835,2026-03-21 11:10:00,2026-03-22 17:26:12,103,2,P4 - Low,30.27,48.0,0,0,Unplanned Change Deployment,4
INC-2026836,2026-05-07 01:13:00,2026-05-07 11:25:36,102,1,P4 - Low,10.21,48.0,0,0,Memory Leak in Application Service,3
INC-2026837,2026-07-17 20:21:00,2026-07-18 05:19:48,101,2,P3 - Medium,8.98,24.0,0,0,Third-Party API Outage,3
INC-2026838,2026-05-09 13:54:00,2026-05-10 04:11:24,104,1,P3 - Medium,14.29,24.0,0,0,Unplanned Change Deployment,4
INC-2026839,2026-07-14 17:18:00,2026-07-16 08:40:12,101,1,P4 - Low,39.37,48.0,0,0,Memory Leak in Application Service,2
INC-2026840,2026-02-09 02:21:00,2026-02-10 08:36:36,101,1,P3 - Medium,30.26,24.0,1,0,Database Deadlock / Query Timeout,4
INC-2026841,2026-04-08 12:53:00,2026-04-09 00:15:12,103,1,P4 - Low,11.37,48.0,0,0,Unplanned Change Deployment,4
INC-2026842,2026-04-02 13:26:00,2026-04-04 20:09:12,103,2,P4 - Low,54.72,48.0,1,0,Database Deadlock / Query Timeout,4
INC-2026843,2026-07-17 08:50:00,2026-07-18 02:40:24,101,2,P2 - High,17.84,8.0,1,0,Memory Leak in Application Service,4
INC-2026844,2026-03-24 00:01:00,2026-03-24 04:38:12,102,2,P2 - High,4.62,8.0,0,0,Memory Leak in Application Service,5
INC-2026845,2026-04-16 01:25:00,2026-04-16 08:08:12,104,1,P4 - Low,6.72,48.0,0,0,User Credential Lockout,4
INC-2026846,2026-06-02 00:00:00,2026-06-02 22:18:36,103,1,P3 - Medium,22.31,24.0,0,0,Memory Leak in Application Service,4
INC-2026847,2026-01-20 22:07:00,2026-01-21 03:46:36,105,3,P1 - Critical,5.66,4.0,1,0,Third-Party API Outage,4
INC-2026848,2026-06-11 15:33:00,2026-06-11 19:03:00,103,3,P1 - Critical,3.5,4.0,0,0,Third-Party API Outage,5
INC-2026849,2026-07-19 08:23:00,2026-07-19 21:12:12,102,1,P4 - Low,12.82,48.0,0,1,Network Packet Loss / Latency,5
INC-2026850,2026-06-13 17:48:00,2026-06-15 02:27:00,102,2,P4 - Low,32.65,48.0,0,0,Database Deadlock / Query Timeout,4
INC-2026851,2026-07-07 10:03:00,2026-07-07 14:29:24,103,2,P1 - Critical,4.44,4.0,1,2,Memory Leak in Application Service,4
INC-2026852,2026-04-07 12:57:00,2026-04-09 10:28:12,103,2,P3 - Medium,45.52,24.0,1,0,Configuration Drift,5
INC-2026853,2026-05-01 16:30:00,2026-05-01 23:40:12,101,1,P2 - High,7.17,8.0,0,0,Database Deadlock / Query Timeout,3
INC-2026854,2026-04-28 19:11:00,2026-04-28 22:12:48,105,2,P1 - Critical,3.03,4.0,0,0,Third-Party API Outage,4
INC-2026855,2026-04-20 23:31:00,2026-04-21 13:35:48,103,2,P3 - Medium,14.08,24.0,0,0,Configuration Drift,1
INC-2026856,2026-04-27 01:29:00,2026-04-28 21:20:00,105,2,P4 - Low,43.85,48.0,0,0,Configuration Drift,1
INC-2026857,2026-07-04 05:59:00,2026-07-05 08:56:36,104,2,P4 - Low,26.96,48.0,0,0,Configuration Drift,4
INC-2026858,2026-05-08 13:07:00,2026-05-09 02:37:00,103,1,P4 - Low,13.5,48.0,0,0,Network Packet Loss / Latency,5
INC-2026859,2026-05-12 16:41:00,2026-05-14 12:15:12,105,1,P4 - Low,43.57,48.0,0,0,Memory Leak in Application Service,4
INC-2026860,2026-06-23 05:21:00,2026-06-23 11:45:00,101,2,P2 - High,6.4,8.0,0,1,Configuration Drift,5
INC-2026861,2026-05-07 07:27:00,2026-05-08 04:18:00,105,1,P3 - Medium,20.85,24.0,0,0,Memory Leak in Application Service,5
INC-2026862,2026-03-31 02:35:00,2026-04-01 11:14:00,103,2,P4 - Low,32.65,48.0,0,0,User Credential Lockout,5
INC-2026863,2026-02-11 14:40:00,2026-02-12 04:05:12,103,1,P3 - Medium,13.42,24.0,0,0,Configuration Drift,4
INC-2026864,2026-07-08 12:27:00,2026-07-08 22:30:00,105,1,P3 - Medium,10.05,24.0,0,1,User Credential Lockout,3
INC-2026865,2026-06-27 13:45:00,2026-06-29 22:12:36,102,2,P3 - Medium,56.46,24.0,1,0,Network Packet Loss / Latency,4
INC-2026866,2026-07-07 10:28:00,2026-07-07 19:58:36,105,2,P2 - High,9.51,8.0,1,0,Memory Leak in Application Service,4
INC-2026867,2026-01-04 00:03:00,2026-01-04 02:16:48,102,3,P2 - High,2.23,8.0,0,0,Third-Party API Outage,4
INC-2026868,2026-06-04 18:47:00,2026-06-05 07:58:24,104,1,P4 - Low,13.19,48.0,0,0,Unplanned Change Deployment,5
INC-2026869,2026-01-27 14:11:00,2026-01-27 19:43:24,104,2,P3 - Medium,5.54,24.0,0,0,Unplanned Change Deployment,5
INC-2026870,2026-05-02 02:34:00,2026-05-04 10:04:00,102,1,P4 - Low,55.5,48.0,1,0,Third-Party API Outage,4
INC-2026871,2026-04-03 01:12:00,2026-04-03 05:54:36,102,2,P2 - High,4.71,8.0,0,0,Network Packet Loss / Latency,5
INC-2026872,2026-05-29 17:56:00,2026-05-30 09:11:36,104,1,P3 - Medium,15.26,24.0,0,0,Network Packet Loss / Latency,2
INC-2026873,2026-01-07 11:35:00,2026-01-07 12:23:00,101,3,P1 - Critical,0.8,4.0,0,0,Unplanned Change Deployment,4
INC-2026874,2026-01-24 08:34:00,2026-01-25 13:15:24,101,2,P4 - Low,28.69,48.0,0,0,Network Packet Loss / Latency,3
INC-2026875,2026-07-03 09:51:00,2026-07-07 19:01:12,103,2,P4 - Low,105.17,48.0,1,0,Memory Leak in Application Service,5
INC-2026876,2026-02-01 19:53:00,2026-02-02 02:59:00,104,3,P2 - High,7.1,8.0,0,2,User Credential Lockout,1
INC-2026877,2026-01-12 13:18:00,2026-01-13 15:52:12,102,2,P4 - Low,26.57,48.0,0,1,Unplanned Change Deployment,4
INC-2026878,2026-05-23 16:32:00,2026-05-25 07:59:36,103,1,P4 - Low,39.46,48.0,0,0,Unplanned Change Deployment,2
INC-2026879,2026-02-22 18:57:00,2026-02-24 11:56:24,103,2,P4 - Low,40.99,48.0,0,0,Configuration Drift,5
INC-2026880,2026-02-21 19:20:00,2026-02-22 03:47:36,105,2,P2 - High,8.46,8.0,1,0,User Credential Lockout,3
INC-2026881,2026-07-15 21:42:00,2026-07-15 23:04:48,102,2,P2 - High,1.38,8.0,0,0,Unplanned Change Deployment,3
INC-2026882,2026-05-06 12:37:00,2026-05-06 19:34:36,105,2,P2 - High,6.96,8.0,0,1,Database Deadlock / Query Timeout,5
INC-2026883,2026-02-28 22:26:00,2026-03-02 04:24:12,103,1,P4 - Low,29.97,48.0,0,0,Database Deadlock / Query Timeout,5
INC-2026884,2026-02-12 01:35:00,2026-02-12 20:17:36,101,1,P3 - Medium,18.71,24.0,0,0,Third-Party API Outage,3
INC-2026885,2026-07-20 03:56:00,2026-07-20 08:28:24,103,2,P2 - High,4.54,8.0,0,0,Unplanned Change Deployment,2
INC-2026886,2026-01-25 20:37:00,2026-01-25 22:45:24,105,3,P2 - High,2.14,8.0,0,0,User Credential Lockout,4
INC-2026887,2026-05-01 19:01:00,2026-05-03 03:12:24,102,1,P4 - Low,32.19,48.0,0,0,Configuration Drift,4
INC-2026888,2026-04-15 03:33:00,2026-04-16 00:18:36,103,1,P3 - Medium,20.76,24.0,0,0,User Credential Lockout,3
INC-2026889,2026-06-14 09:48:00,2026-06-15 01:39:00,105,1,P3 - Medium,15.85,24.0,0,0,Database Deadlock / Query Timeout,4
INC-2026890,2026-05-14 00:59:00,2026-05-14 08:18:12,102,2,P2 - High,7.32,8.0,0,0,Configuration Drift,4
INC-2026891,2026-04-25 08:54:00,2026-04-25 15:49:12,104,2,P3 - Medium,6.92,24.0,0,0,Network Packet Loss / Latency,4
INC-2026892,2026-05-12 05:14:00,2026-05-14 07:56:36,104,2,P3 - Medium,50.71,24.0,1,0,User Credential Lockout,4
INC-2026893,2026-06-12 11:35:00,2026-06-13 04:50:36,105,2,P4 - Low,17.26,48.0,0,0,Configuration Drift,4
INC-2026894,2026-03-06 07:54:00,2026-03-06 16:02:24,103,3,P4 - Low,8.14,48.0,0,1,Third-Party API Outage,4
INC-2026895,2026-02-21 07:21:00,2026-02-21 09:29:24,101,2,P2 - High,2.14,8.0,0,0,Unplanned Change Deployment,4
INC-2026896,2026-01-28 18:51:00,2026-01-29 14:34:48,101,2,P3 - Medium,19.73,24.0,0,0,Third-Party API Outage,5
INC-2026897,2026-05-28 20:07:00,2026-05-29 02:51:24,101,1,P3 - Medium,6.74,24.0,0,0,Memory Leak in Application Service,5
INC-2026898,2026-04-06 05:18:00,2026-04-06 12:53:24,104,2,P2 - High,7.59,8.0,0,1,Unplanned Change Deployment,3
INC-2026899,2026-02-24 10:46:00,2026-02-24 17:43:36,105,1,P3 - Medium,6.96,24.0,0,0,Unplanned Change Deployment,4
INC-2026900,2026-04-17 06:47:00,2026-04-17 20:59:36,101,2,P2 - High,14.21,8.0,1,0,User Credential Lockout,4
INC-2026901,2026-05-13 19:30:00,2026-05-14 00:48:36,105,2,P2 - High,5.31,8.0,0,0,Unplanned Change Deployment,4
INC-2026902,2026-03-02 17:09:00,2026-03-02 18:54:00,102,2,P2 - High,1.75,8.0,0,0,Database Deadlock / Query Timeout,4
INC-2026903,2026-02-23 13:30:00,2026-02-24 14:01:48,103,3,P4 - Low,24.53,48.0,0,0,Configuration Drift,3
INC-2026904,2026-03-22 00:04:00,2026-03-22 07:11:48,103,2,P3 - Medium,7.13,24.0,0,0,Network Packet Loss / Latency,2
INC-2026905,2026-03-27 12:53:00,2026-03-28 21:17:00,103,2,P3 - Medium,32.4,24.0,1,0,User Credential Lockout,3
INC-2026906,2026-06-21 08:04:00,2026-06-22 04:26:48,101,1,P3 - Medium,20.38,24.0,0,0,Unplanned Change Deployment,5
INC-2026907,2026-04-29 07:46:00,2026-04-30 03:23:48,103,2,P2 - High,19.63,8.0,1,0,Third-Party API Outage,5
INC-2026908,2026-04-07 04:53:00,2026-04-08 08:56:36,104,2,P4 - Low,28.06,48.0,0,0,Unplanned Change Deployment,3
INC-2026909,2026-05-19 03:32:00,2026-05-19 19:15:48,101,1,P3 - Medium,15.73,24.0,0,0,Memory Leak in Application Service,4
INC-2026910,2026-04-02 22:23:00,2026-04-04 16:12:12,105,1,P4 - Low,41.82,48.0,0,0,User Credential Lockout,3
INC-2026911,2026-05-09 19:40:00,2026-05-09 22:49:00,104,3,P2 - High,3.15,8.0,0,0,Memory Leak in Application Service,4
INC-2026912,2026-01-03 17:39:00,2026-01-04 04:07:12,102,1,P4 - Low,10.47,48.0,0,0,Database Deadlock / Query Timeout,4
INC-2026913,2026-01-29 09:36:00,2026-01-29 17:43:48,102,3,P3 - Medium,8.13,24.0,0,0,Database Deadlock / Query Timeout,4
INC-2026914,2026-02-27 15:00:00,2026-03-01 01:04:12,101,1,P4 - Low,34.07,48.0,0,0,Unplanned Change Deployment,3
INC-2026915,2026-03-26 04:47:00,2026-03-26 13:55:24,101,1,P3 - Medium,9.14,24.0,0,0,User Credential Lockout,5
INC-2026916,2026-06-24 15:56:00,2026-06-25 06:23:00,104,1,P3 - Medium,14.45,24.0,0,0,Configuration Drift,1
INC-2026917,2026-03-31 01:13:00,2026-04-01 22:22:36,102,1,P3 - Medium,45.16,24.0,1,0,Database Deadlock / Query Timeout,3
INC-2026918,2026-07-06 23:32:00,2026-07-07 07:03:12,101,3,P1 - Critical,7.52,4.0,1,0,Database Deadlock / Query Timeout,2
INC-2026919,2026-04-05 08:42:00,2026-04-05 21:38:24,104,1,P3 - Medium,12.94,24.0,0,0,Memory Leak in Application Service,4
INC-2026920,2026-01-08 02:42:00,2026-01-08 08:27:00,103,2,P2 - High,5.75,8.0,0,0,Configuration Drift,4
INC-2026921,2026-03-21 04:37:00,2026-03-23 01:55:36,104,1,P4 - Low,45.31,48.0,0,0,Database Deadlock / Query Timeout,3
INC-2026922,2026-03-22 04:49:00,2026-03-22 19:28:36,105,1,P3 - Medium,14.66,24.0,0,1,Third-Party API Outage,4
INC-2026923,2026-03-08 13:19:00,2026-03-08 15:27:24,102,2,P1 - Critical,2.14,4.0,0,0,Unplanned Change Deployment,4
INC-2026924,2026-05-06 02:18:00,2026-05-07 07:26:24,101,1,P4 - Low,29.14,48.0,0,0,Database Deadlock / Query Timeout,1
INC-2026925,2026-05-19 00:51:00,2026-05-19 10:04:48,102,2,P4 - Low,9.23,48.0,0,1,Memory Leak in Application Service,4
INC-2026926,2026-07-03 23:09:00,2026-07-04 18:24:36,105,2,P3 - Medium,19.26,24.0,0,0,Configuration Drift,5
INC-2026927,2026-03-06 22:20:00,2026-03-08 04:12:48,101,2,P4 - Low,29.88,48.0,0,0,Third-Party API Outage,4
INC-2026928,2026-07-13 19:42:00,2026-07-13 21:18:00,104,3,P2 - High,1.6,8.0,0,0,Unplanned Change Deployment,5
INC-2026929,2026-02-17 18:49:00,2026-02-18 08:13:00,101,2,P3 - Medium,13.4,24.0,0,2,Third-Party API Outage,4
INC-2026930,2026-06-07 10:28:00,2026-06-07 20:25:36,101,1,P3 - Medium,9.96,24.0,0,0,Unplanned Change Deployment,4
INC-2026931,2026-07-13 05:36:00,2026-07-14 03:08:24,104,2,P3 - Medium,21.54,24.0,0,1,Third-Party API Outage,3
INC-2026932,2026-05-20 03:17:00,2026-05-20 22:05:36,105,3,P3 - Medium,18.81,24.0,0,0,Configuration Drift,2
INC-2026933,2026-06-05 05:58:00,2026-06-05 19:53:48,102,2,P2 - High,13.93,8.0,1,0,Third-Party API Outage,5
INC-2026934,2026-01-31 20:24:00,2026-02-01 16:41:24,104,1,P3 - Medium,20.29,24.0,0,0,Network Packet Loss / Latency,4
INC-2026935,2026-03-11 03:41:00,2026-03-13 06:45:48,101,2,P3 - Medium,51.08,24.0,1,0,Memory Leak in Application Service,4
INC-2026936,2026-07-10 14:01:00,2026-07-12 16:55:00,102,2,P4 - Low,50.9,48.0,1,0,Unplanned Change Deployment,2
INC-2026937,2026-04-26 08:23:00,2026-04-26 09:08:36,104,2,P1 - Critical,0.76,4.0,0,0,Unplanned Change Deployment,4
INC-2026938,2026-04-03 16:16:00,2026-04-04 05:36:24,105,2,P3 - Medium,13.34,24.0,0,1,Network Packet Loss / Latency,5
INC-2026939,2026-04-11 15:53:00,2026-04-12 02:23:36,102,2,P3 - Medium,10.51,24.0,0,0,User Credential Lockout,3
INC-2026940,2026-06-25 23:52:00,2026-06-26 04:28:00,104,2,P2 - High,4.6,8.0,0,0,Network Packet Loss / Latency,5
INC-2026941,2026-04-22 23:34:00,2026-04-23 05:37:36,104,3,P2 - High,6.06,8.0,0,0,Unplanned Change Deployment,4
INC-2026942,2026-02-20 14:27:00,2026-02-21 06:18:00,102,1,P3 - Medium,15.85,24.0,0,0,User Credential Lockout,4
INC-2026943,2026-03-01 05:47:00,2026-03-01 20:05:00,103,2,P2 - High,14.3,8.0,1,0,Third-Party API Outage,5
INC-2026944,2026-01-20 06:50:00,2026-01-21 04:54:48,101,2,P3 - Medium,22.08,24.0,0,0,Third-Party API Outage,5
INC-2026945,2026-02-03 11:56:00,2026-02-04 11:58:24,105,1,P4 - Low,24.04,48.0,0,0,User Credential Lockout,5
INC-2026946,2026-02-02 10:11:00,2026-02-03 19:06:12,101,1,P3 - Medium,32.92,24.0,1,0,Memory Leak in Application Service,5
INC-2026947,2026-01-15 01:54:00,2026-01-16 20:40:12,104,1,P4 - Low,42.77,48.0,0,0,Memory Leak in Application Service,4
INC-2026948,2026-07-10 00:36:00,2026-07-10 07:57:00,101,3,P2 - High,7.35,8.0,0,0,Third-Party API Outage,2
INC-2026949,2026-03-06 03:32:00,2026-03-06 14:53:36,102,2,P3 - Medium,11.36,24.0,0,0,Third-Party API Outage,4
INC-2026950,2026-07-08 23:41:00,2026-07-09 02:46:24,105,1,P3 - Medium,3.09,24.0,0,0,Memory Leak in Application Service,4
INC-2026951,2026-07-08 03:14:00,2026-07-08 08:12:48,101,3,P2 - High,4.98,8.0,0,0,Network Packet Loss / Latency,5
INC-2026952,2026-03-29 10:39:00,2026-03-29 18:04:48,101,3,P2 - High,7.43,8.0,0,0,Network Packet Loss / Latency,4
INC-2026953,2026-05-26 18:18:00,2026-05-26 20:02:24,105,2,P1 - Critical,1.74,4.0,0,0,Database Deadlock / Query Timeout,4
INC-2026954,2026-07-08 20:06:00,2026-07-09 12:39:36,101,2,P2 - High,16.56,8.0,1,0,Memory Leak in Application Service,4
INC-2026955,2026-04-14 21:56:00,2026-04-15 11:44:36,105,2,P3 - Medium,13.81,24.0,0,0,Network Packet Loss / Latency,4
INC-2026956,2026-05-07 20:17:00,2026-05-08 04:19:24,105,1,P3 - Medium,8.04,24.0,0,0,Database Deadlock / Query Timeout,4
INC-2026957,2026-06-15 21:44:00,2026-06-16 02:26:36,103,1,P2 - High,4.71,8.0,0,0,Database Deadlock / Query Timeout,4
INC-2026958,2026-05-29 13:35:00,2026-05-30 17:10:24,105,1,P4 - Low,27.59,48.0,0,0,Network Packet Loss / Latency,5
INC-2026959,2026-05-05 02:40:00,2026-05-06 16:13:36,103,1,P4 - Low,37.56,48.0,0,0,Memory Leak in Application Service,4
INC-2026960,2026-04-02 09:46:00,2026-04-04 05:59:12,105,1,P4 - Low,44.22,48.0,0,1,User Credential Lockout,4
INC-2026961,2026-03-30 21:45:00,2026-03-31 19:45:36,104,1,P3 - Medium,22.01,24.0,0,0,Unplanned Change Deployment,4
INC-2026962,2026-06-18 01:50:00,2026-06-18 08:29:36,104,2,P2 - High,6.66,8.0,0,1,Configuration Drift,4
INC-2026963,2026-04-05 04:51:00,2026-04-07 04:06:00,102,1,P3 - Medium,47.25,24.0,1,0,Unplanned Change Deployment,3
INC-2026964,2026-03-26 01:09:00,2026-03-26 11:57:36,103,3,P3 - Medium,10.81,24.0,0,0,Memory Leak in Application Service,2
INC-2026965,2026-07-15 08:35:00,2026-07-17 14:44:36,102,1,P3 - Medium,54.16,24.0,1,0,Network Packet Loss / Latency,5
INC-2026966,2026-02-04 04:43:00,2026-02-05 16:04:00,103,2,P4 - Low,35.35,48.0,0,0,Configuration Drift,4
INC-2026967,2026-03-07 07:37:00,2026-03-07 10:49:00,105,2,P2 - High,3.2,8.0,0,0,Network Packet Loss / Latency,4
INC-2026968,2026-03-08 21:11:00,2026-03-09 13:31:24,102,1,P3 - Medium,16.34,24.0,0,0,User Credential Lockout,3
INC-2026969,2026-03-15 00:42:00,2026-03-15 03:09:00,103,3,P2 - High,2.45,8.0,0,0,Database Deadlock / Query Timeout,4
INC-2026970,2026-03-25 18:50:00,2026-03-25 21:20:00,105,3,P2 - High,2.5,8.0,0,0,Network Packet Loss / Latency,3
INC-2026971,2026-02-27 03:06:00,2026-02-27 07:57:00,101,2,P3 - Medium,4.85,24.0,0,1,Unplanned Change Deployment,3
INC-2026972,2026-06-29 16:58:00,2026-07-01 04:56:48,105,3,P4 - Low,35.98,48.0,0,1,Configuration Drift,4
INC-2026973,2026-06-25 22:19:00,2026-06-26 07:08:48,105,1,P3 - Medium,8.83,24.0,0,0,Third-Party API Outage,4
INC-2026974,2026-04-11 08:39:00,2026-04-12 07:07:48,105,1,P3 - Medium,22.48,24.0,0,0,Network Packet Loss / Latency,5
INC-2026975,2026-05-26 04:43:00,2026-05-26 09:26:12,101,3,P2 - High,4.72,8.0,0,0,Memory Leak in Application Service,5
INC-2026976,2026-06-04 09:46:00,2026-06-04 23:11:48,105,1,P3 - Medium,13.43,24.0,0,1,Network Packet Loss / Latency,4
INC-2026977,2026-05-24 16:21:00,2026-05-26 04:48:36,104,1,P4 - Low,36.46,48.0,0,0,Configuration Drift,4
INC-2026978,2026-07-09 00:08:00,2026-07-09 16:35:36,101,1,P3 - Medium,16.46,24.0,0,0,Unplanned Change Deployment,4
INC-2026979,2026-03-19 01:34:00,2026-03-19 02:18:24,103,3,P1 - Critical,0.74,4.0,0,1,Memory Leak in Application Service,4
INC-2026980,2026-04-05 21:17:00,2026-04-06 05:02:36,103,1,P3 - Medium,7.76,24.0,0,0,User Credential Lockout,5
INC-2026981,2026-05-06 06:01:00,2026-05-07 07:10:00,102,1,P4 - Low,25.15,48.0,0,0,User Credential Lockout,4
INC-2026982,2026-05-16 21:17:00,2026-05-17 18:25:24,104,1,P4 - Low,21.14,48.0,0,0,Database Deadlock / Query Timeout,4
INC-2026983,2026-02-18 01:54:00,2026-02-18 18:17:24,101,1,P3 - Medium,16.39,24.0,0,1,Unplanned Change Deployment,3
INC-2026984,2026-04-09 14:51:00,2026-04-10 04:34:48,104,1,P3 - Medium,13.73,24.0,0,0,Database Deadlock / Query Timeout,4
INC-2026985,2026-02-23 10:24:00,2026-02-24 03:52:12,104,1,P3 - Medium,17.47,24.0,0,0,Third-Party API Outage,4
INC-2026986,2026-01-04 21:07:00,2026-01-05 22:17:48,105,2,P4 - Low,25.18,48.0,0,0,Memory Leak in Application Service,4
INC-2026987,2026-04-26 06:52:00,2026-04-26 09:42:24,105,1,P2 - High,2.84,8.0,0,0,Third-Party API Outage,4
INC-2026988,2026-01-18 16:53:00,2026-01-18 22:23:00,101,2,P2 - High,5.5,8.0,0,0,Database Deadlock / Query Timeout,5
INC-2026989,2026-04-03 22:01:00,2026-04-05 04:31:00,104,1,P4 - Low,30.5,48.0,0,0,Unplanned Change Deployment,5
INC-2026990,2026-05-03 04:16:00,2026-05-03 23:46:00,105,1,P4 - Low,19.5,48.0,0,0,Third-Party API Outage,1
INC-2026991,2026-04-05 03:56:00,2026-04-05 14:44:00,103,1,P3 - Medium,10.8,24.0,0,0,Third-Party API Outage,4
INC-2026992,2026-03-14 18:31:00,2026-03-14 21:07:36,105,3,P1 - Critical,2.61,4.0,0,0,Database Deadlock / Query Timeout,2
INC-2026993,2026-04-14 22:56:00,2026-04-15 15:03:48,104,1,P3 - Medium,16.13,24.0,0,1,Third-Party API Outage,4
INC-2026994,2026-06-13 01:20:00,2026-06-13 04:43:24,103,3,P2 - High,3.39,8.0,0,0,User Credential Lockout,5
INC-2026995,2026-02-23 01:42:00,2026-02-23 17:10:12,103,1,P3 - Medium,15.47,24.0,0,0,User Credential Lockout,4
INC-2026996,2026-05-28 16:57:00,2026-05-29 00:39:36,102,2,P4 - Low,7.71,48.0,0,0,Network Packet Loss / Latency,3
INC-2026997,2026-03-25 10:11:00,2026-03-26 17:37:24,103,3,P4 - Low,31.44,48.0,0,0,Memory Leak in Application Service,4
INC-2026998,2026-05-25 07:32:00,2026-05-25 19:00:48,103,2,P3 - Medium,11.48,24.0,0,0,Unplanned Change Deployment,3
INC-2026999,2026-07-10 00:00:00,2026-07-10 21:41:24,102,1,P4 - Low,21.69,48.0,0,0,Third-Party API Outage,4
INC-2027000,2026-01-09 17:51:00,2026-01-11 03:13:12,103,1,P3 - Medium,33.37,24.0,1,0,Unplanned Change Deployment,3
INC-2027001,2026-01-30 11:36:00,2026-01-30 22:06:00,101,2,P3 - Medium,10.5,24.0,0,0,Configuration Drift,3
INC-2027002,2026-06-22 14:45:00,2026-06-22 15:43:48,104,2,P2 - High,0.98,8.0,0,0,Memory Leak in Application Service,4
INC-2027003,2026-01-31 15:27:00,2026-02-02 14:09:36,101,1,P3 - Medium,46.71,24.0,1,0,Unplanned Change Deployment,4
INC-2027004,2026-05-23 06:31:00,2026-05-23 13:58:00,103,1,P3 - Medium,7.45,24.0,0,0,User Credential Lockout,4
INC-2027005,2026-02-16 08:36:00,2026-02-20 21:21:36,101,2,P4 - Low,108.76,48.0,1,0,Configuration Drift,3
INC-2027006,2026-05-11 06:07:00,2026-05-11 15:08:48,104,1,P3 - Medium,9.03,24.0,0,0,User Credential Lockout,5
INC-2027007,2026-07-17 03:41:00,2026-07-17 17:16:24,102,2,P3 - Medium,13.59,24.0,0,0,Unplanned Change Deployment,3
INC-2027008,2026-07-16 16:22:00,2026-07-17 06:57:24,105,1,P3 - Medium,14.59,24.0,0,0,User Credential Lockout,4
INC-2027009,2026-07-10 22:03:00,2026-07-11 02:28:48,103,3,P2 - High,4.43,8.0,0,0,User Credential Lockout,5
INC-2027010,2026-07-16 19:41:00,2026-07-17 04:08:00,103,2,P4 - Low,8.45,48.0,0,0,Network Packet Loss / Latency,4
INC-2027011,2026-05-31 09:53:00,2026-06-01 03:04:24,101,1,P4 - Low,17.19,48.0,0,0,Memory Leak in Application Service,4
INC-2027012,2026-02-19 23:00:00,2026-02-20 10:58:12,101,1,P3 - Medium,11.97,24.0,0,0,Unplanned Change Deployment,4
INC-2027013,2026-06-29 10:33:00,2026-06-30 10:48:36,101,1,P4 - Low,24.26,48.0,0,1,Third-Party API Outage,4
INC-2027014,2026-06-07 01:12:00,2026-06-08 06:21:36,101,1,P4 - Low,29.16,48.0,0,0,Memory Leak in Application Service,1
INC-2027015,2026-05-17 08:57:00,2026-05-19 01:44:24,104,1,P4 - Low,40.79,48.0,0,1,User Credential Lockout,5
INC-2027016,2026-04-02 07:37:00,2026-04-02 13:25:36,104,2,P2 - High,5.81,8.0,0,0,Third-Party API Outage,4
INC-2027017,2026-05-19 02:08:00,2026-05-19 10:09:48,102,1,P4 - Low,8.03,48.0,0,0,Memory Leak in Application Service,5
INC-2027018,2026-04-10 07:35:00,2026-04-11 01:08:36,103,2,P3 - Medium,17.56,24.0,0,0,User Credential Lockout,4
INC-2027019,2026-03-10 18:46:00,2026-03-11 00:53:12,103,2,P3 - Medium,6.12,24.0,0,0,Configuration Drift,4
INC-2027020,2026-06-16 02:50:00,2026-06-16 10:47:00,105,1,P3 - Medium,7.95,24.0,0,0,User Credential Lockout,3
INC-2027021,2026-03-10 16:55:00,2026-03-10 22:25:00,105,1,P3 - Medium,5.5,24.0,0,0,Configuration Drift,5
INC-2027022,2026-03-10 00:44:00,2026-03-10 03:27:12,102,1,P2 - High,2.72,8.0,0,0,Unplanned Change Deployment,4
INC-2027023,2026-06-09 22:56:00,2026-06-10 13:14:00,102,1,P4 - Low,14.3,48.0,0,0,Configuration Drift,4
INC-2027024,2026-06-30 00:57:00,2026-06-30 11:55:12,104,3,P3 - Medium,10.97,24.0,0,0,Network Packet Loss / Latency,4
INC-2027025,2026-06-19 03:44:00,2026-06-19 04:14:36,101,2,P1 - Critical,0.51,4.0,0,0,Third-Party API Outage,1
INC-2027026,2026-02-23 12:32:00,2026-02-25 16:43:24,101,1,P3 - Medium,52.19,24.0,1,0,Memory Leak in Application Service,3
INC-2027027,2026-06-21 12:12:00,2026-06-21 19:05:24,103,2,P2 - High,6.89,8.0,0,1,Third-Party API Outage,2
INC-2027028,2026-05-20 06:16:00,2026-05-20 16:02:48,102,1,P4 - Low,9.78,48.0,0,0,User Credential Lockout,4
INC-2027029,2026-06-11 14:39:00,2026-06-11 18:25:48,102,2,P1 - Critical,3.78,4.0,0,0,User Credential Lockout,4
INC-2027030,2026-02-04 13:02:00,2026-02-06 09:54:12,104,1,P4 - Low,44.87,48.0,0,0,User Credential Lockout,5
INC-2027031,2026-04-24 23:15:00,2026-04-25 01:07:48,101,2,P2 - High,1.88,8.0,0,0,Unplanned Change Deployment,5
INC-2027032,2026-07-09 23:55:00,2026-07-13 11:48:24,103,2,P4 - Low,83.89,48.0,1,0,Database Deadlock / Query Timeout,5
INC-2027033,2026-05-12 13:27:00,2026-05-12 20:07:12,102,1,P2 - High,6.67,8.0,0,0,Configuration Drift,3
INC-2027034,2026-03-28 05:54:00,2026-03-28 14:55:12,102,2,P3 - Medium,9.02,24.0,0,0,Third-Party API Outage,1
INC-2027035,2026-04-11 20:35:00,2026-04-12 07:03:12,102,1,P3 - Medium,10.47,24.0,0,0,Configuration Drift,4
INC-2027036,2026-01-16 14:56:00,2026-01-17 07:25:24,105,1,P3 - Medium,16.49,24.0,0,0,Database Deadlock / Query Timeout,5
INC-2027037,2026-05-16 13:19:00,2026-05-17 04:16:00,104,2,P4 - Low,14.95,48.0,0,0,Configuration Drift,4
INC-2027038,2026-05-04 13:10:00,2026-05-05 11:54:24,101,2,P3 - Medium,22.74,24.0,0,0,Configuration Drift,1
INC-2027039,2026-05-10 18:33:00,2026-05-11 11:15:36,101,1,P3 - Medium,16.71,24.0,0,0,Database Deadlock / Query Timeout,1
INC-2027040,2026-06-27 22:50:00,2026-06-28 21:15:48,103,2,P3 - Medium,22.43,24.0,0,1,Third-Party API Outage,4
INC-2027041,2026-06-10 01:35:00,2026-06-10 04:25:24,104,1,P3 - Medium,2.84,24.0,0,0,Network Packet Loss / Latency,4
INC-2027042,2026-02-19 09:18:00,2026-02-19 12:30:36,104,1,P3 - Medium,3.21,24.0,0,0,Memory Leak in Application Service,2
INC-2027043,2026-04-18 15:15:00,2026-04-19 03:39:00,105,1,P3 - Medium,12.4,24.0,0,0,Database Deadlock / Query Timeout,5
INC-2027044,2026-07-18 06:13:00,2026-07-18 23:33:24,103,1,P3 - Medium,17.34,24.0,0,0,Third-Party API Outage,5
INC-2027045,2026-02-28 17:06:00,2026-03-01 23:41:24,103,2,P3 - Medium,30.59,24.0,1,0,Third-Party API Outage,4
INC-2027046,2026-04-07 05:10:00,2026-04-07 16:49:36,105,2,P3 - Medium,11.66,24.0,0,0,User Credential Lockout,4
INC-2027047,2026-03-09 21:13:00,2026-03-10 02:13:36,103,2,P2 - High,5.01,8.0,0,0,Third-Party API Outage,4
INC-2027048,2026-03-29 06:32:00,2026-03-29 10:13:24,105,2,P3 - Medium,3.69,24.0,0,0,Third-Party API Outage,5
INC-2027049,2026-05-22 09:56:00,2026-05-23 02:16:24,105,2,P3 - Medium,16.34,24.0,0,0,Database Deadlock / Query Timeout,3
INC-2027050,2026-04-14 10:01:00,2026-04-14 12:35:48,101,2,P1 - Critical,2.58,4.0,0,0,Configuration Drift,4
INC-2027051,2026-07-10 19:47:00,2026-07-11 02:22:24,102,1,P4 - Low,6.59,48.0,0,0,Database Deadlock / Query Timeout,5
INC-2027052,2026-01-12 17:16:00,2026-01-12 21:22:00,101,2,P2 - High,4.1,8.0,0,0,Configuration Drift,4
INC-2027053,2026-05-22 19:37:00,2026-05-22 23:59:48,105,1,P2 - High,4.38,8.0,0,0,Network Packet Loss / Latency,4
INC-2027054,2026-01-19 04:55:00,2026-01-19 19:40:36,101,1,P3 - Medium,14.76,24.0,0,0,Configuration Drift,5
INC-2027055,2026-03-18 07:58:00,2026-03-18 11:31:36,101,3,P1 - Critical,3.56,4.0,0,0,User Credential Lockout,4
INC-2027056,2026-01-23 10:24:00,2026-01-24 03:58:12,104,2,P3 - Medium,17.57,24.0,0,1,Third-Party API Outage,5
INC-2027057,2026-05-15 16:58:00,2026-05-15 20:33:24,105,2,P3 - Medium,3.59,24.0,0,0,Network Packet Loss / Latency,4
INC-2027058,2026-07-12 22:39:00,2026-07-14 02:18:00,103,1,P3 - Medium,27.65,24.0,1,0,Configuration Drift,4
INC-2027059,2026-03-20 22:33:00,2026-03-21 02:55:48,102,3,P3 - Medium,4.38,24.0,0,0,Memory Leak in Application Service,4
INC-2027060,2026-05-21 15:04:00,2026-05-21 17:15:24,102,3,P1 - Critical,2.19,4.0,0,0,Memory Leak in Application Service,4
INC-2027061,2026-03-07 11:14:00,2026-03-08 01:01:24,101,1,P3 - Medium,13.79,24.0,0,0,Third-Party API Outage,4
INC-2027062,2026-05-11 15:55:00,2026-05-12 08:38:48,104,3,P3 - Medium,16.73,24.0,0,0,Configuration Drift,3
INC-2027063,2026-03-03 01:36:00,2026-03-03 15:13:12,105,3,P3 - Medium,13.62,24.0,0,0,Network Packet Loss / Latency,2
INC-2027064,2026-02-27 22:10:00,2026-02-28 12:48:24,103,1,P3 - Medium,14.64,24.0,0,0,Network Packet Loss / Latency,4
INC-2027065,2026-04-29 12:52:00,2026-04-30 10:29:12,104,1,P4 - Low,21.62,48.0,0,0,Third-Party API Outage,4
INC-2027066,2026-04-29 02:21:00,2026-04-29 06:58:48,102,3,P2 - High,4.63,8.0,0,0,User Credential Lockout,4
INC-2027067,2026-04-03 20:15:00,2026-04-04 07:52:48,104,1,P3 - Medium,11.63,24.0,0,0,Configuration Drift,2
INC-2027068,2026-01-13 22:53:00,2026-01-15 03:59:36,105,3,P4 - Low,29.11,48.0,0,0,Database Deadlock / Query Timeout,5
INC-2027069,2026-04-21 05:31:00,2026-04-22 01:20:12,102,2,P2 - High,19.82,8.0,1,0,Third-Party API Outage,4
INC-2027070,2026-04-25 23:40:00,2026-04-28 05:28:00,103,1,P3 - Medium,53.8,24.0,1,0,Memory Leak in Application Service,4
INC-2027071,2026-07-06 11:33:00,2026-07-06 18:39:00,102,3,P2 - High,7.1,8.0,0,0,Configuration Drift,2
INC-2027072,2026-01-15 01:44:00,2026-01-15 07:18:48,103,1,P3 - Medium,5.58,24.0,0,0,Network Packet Loss / Latency,4
INC-2027073,2026-04-02 07:16:00,2026-04-03 02:13:00,101,2,P3 - Medium,18.95,24.0,0,0,Memory Leak in Application Service,2
INC-2027074,2026-05-26 21:29:00,2026-05-27 04:19:24,101,3,P3 - Medium,6.84,24.0,0,0,Unplanned Change Deployment,4
INC-2027075,2026-04-29 13:12:00,2026-04-29 15:10:48,105,2,P2 - High,1.98,8.0,0,0,Third-Party API Outage,4
INC-2027076,2026-02-05 01:18:00,2026-02-05 04:08:24,105,3,P2 - High,2.84,8.0,0,0,User Credential Lockout,4
INC-2027077,2026-01-29 21:44:00,2026-01-31 16:08:36,103,1,P4 - Low,42.41,48.0,0,0,Network Packet Loss / Latency,4
INC-2027078,2026-06-08 11:00:00,2026-06-10 03:12:36,102,2,P4 - Low,40.21,48.0,0,0,Unplanned Change Deployment,5
INC-2027079,2026-01-05 11:54:00,2026-01-05 17:00:00,101,3,P2 - High,5.1,8.0,0,1,Network Packet Loss / Latency,3
INC-2027080,2026-07-11 06:07:00,2026-07-13 02:06:24,102,1,P3 - Medium,43.99,24.0,1,0,Network Packet Loss / Latency,4
INC-2027081,2026-07-03 06:03:00,2026-07-03 11:34:48,104,3,P3 - Medium,5.53,24.0,0,0,User Credential Lockout,4
INC-2027082,2026-07-04 02:23:00,2026-07-07 10:50:36,104,3,P4 - Low,80.46,48.0,1,0,Database Deadlock / Query Timeout,5
INC-2027083,2026-02-18 11:05:00,2026-02-18 15:07:24,101,3,P2 - High,4.04,8.0,0,0,Memory Leak in Application Service,3
INC-2027084,2026-05-26 16:11:00,2026-05-27 02:42:48,104,2,P3 - Medium,10.53,24.0,0,0,Third-Party API Outage,2
INC-2027085,2026-02-17 19:14:00,2026-02-18 07:26:36,102,3,P3 - Medium,12.21,24.0,0,0,User Credential Lockout,3
INC-2027086,2026-05-25 06:20:00,2026-05-25 12:44:00,105,1,P3 - Medium,6.4,24.0,0,0,Unplanned Change Deployment,5
INC-2027087,2026-07-11 04:56:00,2026-07-11 08:47:36,104,1,P3 - Medium,3.86,24.0,0,0,Network Packet Loss / Latency,4
INC-2027088,2026-02-02 22:53:00,2026-02-06 06:04:24,103,2,P4 - Low,79.19,48.0,1,0,Network Packet Loss / Latency,4
INC-2027089,2026-03-11 16:31:00,2026-03-12 07:02:12,101,3,P3 - Medium,14.52,24.0,0,0,Third-Party API Outage,4
INC-2027090,2026-04-22 07:32:00,2026-04-22 10:42:48,104,2,P2 - High,3.18,8.0,0,0,Memory Leak in Application Service,3
INC-2027091,2026-02-23 10:10:00,2026-02-23 13:42:24,102,3,P1 - Critical,3.54,4.0,0,0,Database Deadlock / Query Timeout,4
INC-2027092,2026-05-17 10:29:00,2026-05-17 16:14:00,101,2,P2 - High,5.75,8.0,0,0,Configuration Drift,4
INC-2027093,2026-01-21 04:33:00,2026-01-21 09:34:12,102,2,P2 - High,5.02,8.0,0,0,Third-Party API Outage,4
INC-2027094,2026-04-16 01:49:00,2026-04-16 10:02:12,101,2,P1 - Critical,8.22,4.0,1,0,Network Packet Loss / Latency,4
INC-2027095,2026-06-14 04:41:00,2026-06-14 13:51:12,105,2,P3 - Medium,9.17,24.0,0,0,Database Deadlock / Query Timeout,4
INC-2027096,2026-03-16 12:50:00,2026-03-16 15:47:00,105,2,P1 - Critical,2.95,4.0,0,0,User Credential Lockout,4
INC-2027097,2026-02-21 19:06:00,2026-02-23 03:10:12,104,1,P4 - Low,32.07,48.0,0,1,Memory Leak in Application Service,2
INC-2027098,2026-07-12 03:14:00,2026-07-12 13:36:48,103,1,P2 - High,10.38,8.0,1,0,Database Deadlock / Query Timeout,4
INC-2027099,2026-04-10 02:29:00,2026-04-12 02:28:24,101,1,P3 - Medium,47.99,24.0,1,1,Configuration Drift,5
INC-2027100,2026-05-22 20:01:00,2026-05-23 01:19:36,103,1,P2 - High,5.31,8.0,0,0,Third-Party API Outage,3
INC-2027101,2026-02-09 14:46:00,2026-02-10 09:13:36,104,2,P2 - High,18.46,8.0,1,0,Database Deadlock / Query Timeout,4
INC-2027102,2026-05-19 22:37:00,2026-05-21 08:22:36,103,2,P4 - Low,33.76,48.0,0,1,User Credential Lockout,3
INC-2027103,2026-07-13 20:50:00,2026-07-15 04:57:12,104,1,P3 - Medium,32.12,24.0,1,0,Memory Leak in Application Service,1
INC-2027104,2026-01-09 03:46:00,2026-01-11 13:04:00,103,2,P3 - Medium,57.3,24.0,1,0,Network Packet Loss / Latency,4
INC-2027105,2026-06-28 17:05:00,2026-06-28 22:41:00,103,1,P3 - Medium,5.6,24.0,0,0,Unplanned Change Deployment,3
INC-2027106,2026-05-09 11:03:00,2026-05-09 13:54:36,105,3,P2 - High,2.86,8.0,0,0,Network Packet Loss / Latency,5
INC-2027107,2026-01-23 21:50:00,2026-01-24 18:09:48,101,1,P3 - Medium,20.33,24.0,0,0,Memory Leak in Application Service,2
INC-2027108,2026-04-13 08:22:00,2026-04-13 11:29:12,104,3,P2 - High,3.12,8.0,0,0,Unplanned Change Deployment,4
INC-2027109,2026-02-20 07:24:00,2026-02-21 21:54:00,105,3,P3 - Medium,38.5,24.0,1,0,Third-Party API Outage,4
INC-2027110,2026-03-25 03:17:00,2026-03-25 17:22:24,104,2,P3 - Medium,14.09,24.0,0,2,Network Packet Loss / Latency,3
INC-2027111,2026-05-01 05:20:00,2026-05-01 15:30:48,102,2,P4 - Low,10.18,48.0,0,0,Memory Leak in Application Service,4
INC-2027112,2026-07-17 10:25:00,2026-07-17 16:56:48,102,3,P3 - Medium,6.53,24.0,0,0,Network Packet Loss / Latency,5
INC-2027113,2026-07-11 01:04:00,2026-07-11 12:14:12,102,2,P3 - Medium,11.17,24.0,0,0,Unplanned Change Deployment,4
INC-2027114,2026-02-27 21:02:00,2026-03-01 00:34:24,101,2,P4 - Low,27.54,48.0,0,0,Database Deadlock / Query Timeout,2
INC-2027115,2026-04-26 23:12:00,2026-04-27 04:34:12,101,1,P3 - Medium,5.37,24.0,0,0,Third-Party API Outage,4
INC-2027116,2026-04-27 08:44:00,2026-04-27 19:35:00,104,1,P3 - Medium,10.85,24.0,0,2,Network Packet Loss / Latency,3
INC-2027117,2026-06-11 15:01:00,2026-06-12 10:10:36,103,1,P3 - Medium,19.16,24.0,0,0,Database Deadlock / Query Timeout,3
INC-2027118,2026-03-10 18:11:00,2026-03-13 09:26:36,105,2,P4 - Low,63.26,48.0,1,1,Memory Leak in Application Service,5
INC-2027119,2026-04-08 11:52:00,2026-04-08 16:49:36,105,2,P2 - High,4.96,8.0,0,0,Database Deadlock / Query Timeout,4
INC-2027120,2026-03-26 09:44:00,2026-03-26 19:27:48,104,1,P3 - Medium,9.73,24.0,0,0,Database Deadlock / Query Timeout,4
INC-2027121,2026-07-03 05:22:00,2026-07-03 09:21:24,103,2,P2 - High,3.99,8.0,0,0,Database Deadlock / Query Timeout,4
INC-2027122,2026-05-22 09:40:00,2026-05-22 11:24:24,102,3,P2 - High,1.74,8.0,0,0,Database Deadlock / Query Timeout,4
INC-2027123,2026-01-13 01:37:00,2026-01-14 21:56:48,103,1,P4 - Low,44.33,48.0,0,0,User Credential Lockout,4
INC-2027124,2026-03-23 08:42:00,2026-03-24 07:15:36,102,2,P3 - Medium,22.56,24.0,0,0,Configuration Drift,4
INC-2027125,2026-03-06 19:19:00,2026-03-07 17:49:36,105,1,P3 - Medium,22.51,24.0,0,0,User Credential Lockout,4
INC-2027126,2026-04-29 14:58:00,2026-04-30 11:28:36,104,1,P3 - Medium,20.51,24.0,0,0,User Credential Lockout,1
INC-2027127,2026-01-16 13:29:00,2026-01-17 08:42:12,103,1,P3 - Medium,19.22,24.0,0,0,User Credential Lockout,1
INC-2027128,2026-07-15 13:01:00,2026-07-16 09:17:12,101,3,P3 - Medium,20.27,24.0,0,0,Memory Leak in Application Service,4
INC-2027129,2026-02-10 03:13:00,2026-02-10 09:38:12,101,2,P2 - High,6.42,8.0,0,0,Database Deadlock / Query Timeout,4
INC-2027130,2026-07-09 04:29:00,2026-07-10 02:57:12,101,2,P3 - Medium,22.47,24.0,0,0,Memory Leak in Application Service,1
INC-2027131,2026-05-22 09:08:00,2026-05-23 15:39:48,101,1,P4 - Low,30.53,48.0,0,1,Database Deadlock / Query Timeout,4
INC-2027132,2026-04-17 08:21:00,2026-04-19 01:13:48,103,1,P4 - Low,40.88,48.0,0,0,User Credential Lockout,5
INC-2027133,2026-03-02 22:46:00,2026-03-03 13:40:36,101,1,P3 - Medium,14.91,24.0,0,0,Unplanned Change Deployment,3
INC-2027134,2026-07-08 13:20:00,2026-07-08 17:17:00,104,2,P2 - High,3.95,8.0,0,0,Configuration Drift,4
INC-2027135,2026-07-02 14:48:00,2026-07-04 19:06:00,105,2,P3 - Medium,52.3,24.0,1,0,Database Deadlock / Query Timeout,2
INC-2027136,2026-05-24 10:40:00,2026-05-24 14:32:12,102,2,P2 - High,3.87,8.0,0,0,User Credential Lockout,4
INC-2027137,2026-03-15 20:30:00,2026-03-16 00:44:24,103,2,P3 - Medium,4.24,24.0,0,0,Unplanned Change Deployment,4
INC-2027138,2026-03-02 01:00:00,2026-03-02 05:55:12,101,2,P3 - Medium,4.92,24.0,0,1,Unplanned Change Deployment,1
INC-2027139,2026-06-13 22:54:00,2026-06-14 00:16:48,104,3,P2 - High,1.38,8.0,0,0,Unplanned Change Deployment,4
INC-2027140,2026-07-06 15:00:00,2026-07-06 20:39:36,105,2,P3 - Medium,5.66,24.0,0,1,User Credential Lockout,5
INC-2027141,2026-01-17 07:39:00,2026-01-18 04:39:36,105,1,P3 - Medium,21.01,24.0,0,0,Third-Party API Outage,2
INC-2027142,2026-02-24 23:30:00,2026-02-25 01:16:48,101,3,P2 - High,1.78,8.0,0,0,User Credential Lockout,3
INC-2027143,2026-04-23 11:53:00,2026-04-23 17:54:48,104,3,P2 - High,6.03,8.0,0,0,Network Packet Loss / Latency,4
INC-2027144,2026-03-08 02:56:00,2026-03-08 12:51:48,102,3,P2 - High,9.93,8.0,1,0,Configuration Drift,4
INC-2027145,2026-04-03 11:43:00,2026-04-05 06:14:12,104,1,P3 - Medium,42.52,24.0,1,1,Memory Leak in Application Service,4
INC-2027146,2026-01-03 10:14:00,2026-01-04 11:09:48,102,1,P4 - Low,24.93,48.0,0,0,Memory Leak in Application Service,5
INC-2027147,2026-06-23 12:50:00,2026-06-24 00:14:36,105,3,P3 - Medium,11.41,24.0,0,0,Memory Leak in Application Service,3
INC-2027148,2026-01-03 17:26:00,2026-01-04 07:00:12,105,2,P3 - Medium,13.57,24.0,0,0,Unplanned Change Deployment,3
INC-2027149,2026-03-17 22:21:00,2026-03-19 04:42:36,103,1,P3 - Medium,30.36,24.0,1,0,Configuration Drift,4
INC-2027150,2026-02-23 06:18:00,2026-02-23 22:18:36,105,1,P3 - Medium,16.01,24.0,0,0,Network Packet Loss / Latency,4
INC-2027151,2026-05-01 21:17:00,2026-05-01 22:24:48,104,3,P2 - High,1.13,8.0,0,1,Database Deadlock / Query Timeout,4
INC-2027152,2026-03-01 01:46:00,2026-03-02 07:29:48,105,2,P4 - Low,29.73,48.0,0,0,Memory Leak in Application Service,3
INC-2027153,2026-03-06 22:18:00,2026-03-08 09:40:12,103,1,P4 - Low,35.37,48.0,0,0,Configuration Drift,2
INC-2027154,2026-02-04 05:44:00,2026-02-04 14:43:24,104,1,P3 - Medium,8.99,24.0,0,0,Third-Party API Outage,4
INC-2027155,2026-01-25 23:16:00,2026-01-27 14:28:36,101,2,P4 - Low,39.21,48.0,0,0,Network Packet Loss / Latency,5
INC-2027156,2026-06-21 18:03:00,2026-06-25 20:48:00,103,2,P4 - Low,98.75,48.0,1,0,Network Packet Loss / Latency,4
INC-2027157,2026-07-12 05:27:00,2026-07-12 18:48:36,102,2,P4 - Low,13.36,48.0,0,0,Memory Leak in Application Service,4
INC-2027158,2026-01-22 12:25:00,2026-01-24 15:00:24,105,1,P3 - Medium,50.59,24.0,1,0,Configuration Drift,4
INC-2027159,2026-06-26 10:18:00,2026-06-27 15:46:12,103,2,P4 - Low,29.47,48.0,0,0,User Credential Lockout,5
INC-2027160,2026-04-26 13:31:00,2026-04-27 03:38:48,105,2,P3 - Medium,14.13,24.0,0,0,Network Packet Loss / Latency,5
INC-2027161,2026-02-17 13:27:00,2026-02-18 14:30:00,104,1,P4 - Low,25.05,48.0,0,0,User Credential Lockout,3
INC-2027162,2026-03-07 20:03:00,2026-03-08 03:12:00,103,2,P3 - Medium,7.15,24.0,0,0,Database Deadlock / Query Timeout,4
INC-2027163,2026-01-01 21:48:00,2026-01-05 08:33:36,101,1,P4 - Low,82.76,48.0,1,0,Unplanned Change Deployment,5
INC-2027164,2026-03-17 19:41:00,2026-03-18 18:27:48,104,2,P3 - Medium,22.78,24.0,0,0,Configuration Drift,3
INC-2027165,2026-05-02 20:43:00,2026-05-04 10:24:24,102,1,P4 - Low,37.69,48.0,0,0,Configuration Drift,5
INC-2027166,2026-03-15 14:00:00,2026-03-15 21:35:24,101,2,P3 - Medium,7.59,24.0,0,0,Network Packet Loss / Latency,5
INC-2027167,2026-04-20 15:55:00,2026-04-21 09:56:12,101,2,P4 - Low,18.02,48.0,0,0,Configuration Drift,5
INC-2027168,2026-05-02 16:16:00,2026-05-03 09:26:48,105,2,P3 - Medium,17.18,24.0,0,0,Configuration Drift,5
INC-2027169,2026-03-06 06:40:00,2026-03-07 02:04:36,104,1,P3 - Medium,19.41,24.0,0,0,User Credential Lockout,5
INC-2027170,2026-01-14 06:42:00,2026-01-14 08:44:24,104,3,P1 - Critical,2.04,4.0,0,0,Third-Party API Outage,4
INC-2027171,2026-07-15 20:05:00,2026-07-16 00:01:24,104,2,P2 - High,3.94,8.0,0,1,Unplanned Change Deployment,4
INC-2027172,2026-01-21 17:31:00,2026-01-22 10:31:36,103,1,P4 - Low,17.01,48.0,0,0,Memory Leak in Application Service,1
INC-2027173,2026-07-15 10:38:00,2026-07-17 07:55:24,103,3,P3 - Medium,45.29,24.0,1,0,Third-Party API Outage,4
INC-2027174,2026-05-10 01:45:00,2026-05-11 08:09:00,101,1,P3 - Medium,30.4,24.0,1,0,Network Packet Loss / Latency,5
INC-2027175,2026-05-17 22:54:00,2026-05-18 18:29:24,105,1,P3 - Medium,19.59,24.0,0,0,Memory Leak in Application Service,5
INC-2027176,2026-05-23 04:04:00,2026-05-23 05:39:24,103,1,P2 - High,1.59,8.0,0,0,Unplanned Change Deployment,4
INC-2027177,2026-04-25 20:08:00,2026-04-26 04:04:24,101,1,P3 - Medium,7.94,24.0,0,0,User Credential Lockout,3
INC-2027178,2026-03-28 20:32:00,2026-03-30 11:10:24,103,2,P4 - Low,38.64,48.0,0,0,Database Deadlock / Query Timeout,4
INC-2027179,2026-07-11 12:23:00,2026-07-11 13:56:36,101,3,P2 - High,1.56,8.0,0,0,Third-Party API Outage,4
INC-2027180,2026-03-15 21:57:00,2026-03-16 09:24:00,101,3,P3 - Medium,11.45,24.0,0,0,Third-Party API Outage,5
INC-2027181,2026-06-26 01:34:00,2026-06-26 07:06:24,103,1,P3 - Medium,5.54,24.0,0,0,User Credential Lockout,4
INC-2027182,2026-07-10 23:31:00,2026-07-11 02:32:48,101,1,P2 - High,3.03,8.0,0,1,Third-Party API Outage,5
INC-2027183,2026-07-08 06:09:00,2026-07-08 11:15:36,101,1,P3 - Medium,5.11,24.0,0,0,User Credential Lockout,2
INC-2027184,2026-05-22 10:47:00,2026-05-22 23:50:36,101,3,P3 - Medium,13.06,24.0,0,0,Network Packet Loss / Latency,3
INC-2027185,2026-01-17 08:44:00,2026-01-17 23:15:12,101,1,P3 - Medium,14.52,24.0,0,0,Network Packet Loss / Latency,4
INC-2027186,2026-06-20 07:37:00,2026-06-20 12:07:00,103,1,P3 - Medium,4.5,24.0,0,0,Configuration Drift,5
INC-2027187,2026-04-24 23:32:00,2026-04-25 01:45:48,102,1,P2 - High,2.23,8.0,0,0,Database Deadlock / Query Timeout,1
INC-2027188,2026-04-15 16:03:00,2026-04-16 00:57:36,104,2,P3 - Medium,8.91,24.0,0,0,Unplanned Change Deployment,4
INC-2027189,2026-02-13 04:02:00,2026-02-13 09:38:36,101,1,P3 - Medium,5.61,24.0,0,0,Configuration Drift,5
INC-2027190,2026-07-07 11:55:00,2026-07-07 19:16:00,105,3,P1 - Critical,7.35,4.0,1,0,Network Packet Loss / Latency,5
INC-2027191,2026-04-10 00:29:00,2026-04-12 02:11:36,103,3,P3 - Medium,49.71,24.0,1,0,Memory Leak in Application Service,3
INC-2027192,2026-03-31 11:18:00,2026-03-31 20:03:00,103,3,P3 - Medium,8.75,24.0,0,0,Memory Leak in Application Service,2
INC-2027193,2026-06-11 20:39:00,2026-06-12 22:51:36,101,1,P3 - Medium,26.21,24.0,1,0,Configuration Drift,4
INC-2027194,2026-05-20 23:56:00,2026-05-21 13:17:00,102,3,P2 - High,13.35,8.0,1,0,Unplanned Change Deployment,5
INC-2027195,2026-06-12 15:46:00,2026-06-12 17:13:36,102,2,P1 - Critical,1.46,4.0,0,0,Unplanned Change Deployment,3
INC-2027196,2026-07-14 13:39:00,2026-07-14 23:12:00,104,2,P1 - Critical,9.55,4.0,1,0,Memory Leak in Application Service,4
INC-2027197,2026-02-18 07:38:00,2026-02-20 12:45:12,104,1,P3 - Medium,53.12,24.0,1,0,Configuration Drift,5
INC-2027198,2026-06-16 04:57:00,2026-06-16 20:30:00,104,1,P3 - Medium,15.55,24.0,0,0,User Credential Lockout,5
INC-2027199,2026-03-26 16:34:00,2026-03-26 17:27:24,105,2,P1 - Critical,0.89,4.0,0,0,Network Packet Loss / Latency,4
INC-2027200,2026-05-13 15:52:00,2026-05-13 21:25:36,103,3,P2 - High,5.56,8.0,0,0,Third-Party API Outage,4
INC-2027201,2026-04-29 13:48:00,2026-04-29 14:48:36,104,1,P2 - High,1.01,8.0,0,1,Configuration Drift,3
INC-2027202,2026-05-09 06:56:00,2026-05-10 22:14:36,103,1,P4 - Low,39.31,48.0,0,0,Third-Party API Outage,5
INC-2027203,2026-05-08 06:14:00,2026-05-08 07:54:12,101,3,P2 - High,1.67,8.0,0,0,User Credential Lockout,5
INC-2027204,2026-02-09 06:49:00,2026-02-09 09:25:36,103,3,P1 - Critical,2.61,4.0,0,0,Memory Leak in Application Service,5
INC-2027205,2026-06-18 04:03:00,2026-06-19 01:43:12,105,2,P4 - Low,21.67,48.0,0,1,Database Deadlock / Query Timeout,3
INC-2027206,2026-07-19 20:03:00,2026-07-20 00:07:48,101,2,P2 - High,4.08,8.0,0,0,Network Packet Loss / Latency,4
INC-2027207,2026-03-18 03:36:00,2026-03-18 18:03:36,104,1,P3 - Medium,14.46,24.0,0,0,Memory Leak in Application Service,3
INC-2027208,2026-05-05 22:11:00,2026-05-06 05:24:12,101,1,P3 - Medium,7.22,24.0,0,0,Unplanned Change Deployment,5
INC-2027209,2026-06-27 12:14:00,2026-06-29 10:10:24,103,1,P3 - Medium,45.94,24.0,1,0,Memory Leak in Application Service,2
INC-2027210,2026-02-05 21:18:00,2026-02-06 03:17:24,104,1,P3 - Medium,5.99,24.0,0,0,Configuration Drift,4
INC-2027211,2026-02-09 22:13:00,2026-02-11 03:20:48,104,3,P4 - Low,29.13,48.0,0,0,Network Packet Loss / Latency,2
INC-2027212,2026-06-30 07:13:00,2026-06-30 08:26:12,102,2,P2 - High,1.22,8.0,0,1,Third-Party API Outage,3
INC-2027213,2026-02-20 21:52:00,2026-02-22 15:31:00,101,1,P4 - Low,41.65,48.0,0,2,Third-Party API Outage,4
INC-2027214,2026-02-23 18:06:00,2026-02-24 17:22:48,103,1,P4 - Low,23.28,48.0,0,0,User Credential Lockout,3
INC-2027215,2026-06-13 03:20:00,2026-06-13 08:45:48,103,3,P2 - High,5.43,8.0,0,1,Network Packet Loss / Latency,5
INC-2027216,2026-04-22 05:11:00,2026-04-23 02:41:36,103,2,P3 - Medium,21.51,24.0,0,0,Configuration Drift,4
INC-2027217,2026-01-04 06:56:00,2026-01-04 19:44:36,102,2,P3 - Medium,12.81,24.0,0,0,Third-Party API Outage,3
INC-2027218,2026-04-18 10:37:00,2026-04-20 19:10:36,101,2,P3 - Medium,56.56,24.0,1,0,Configuration Drift,3
INC-2027219,2026-05-12 03:07:00,2026-05-12 14:47:12,101,2,P2 - High,11.67,8.0,1,0,Database Deadlock / Query Timeout,4
INC-2027220,2026-06-07 12:23:00,2026-06-07 22:49:24,103,2,P3 - Medium,10.44,24.0,0,0,Unplanned Change Deployment,5
INC-2027221,2026-05-20 16:52:00,2026-05-20 20:37:36,102,2,P2 - High,3.76,8.0,0,0,Unplanned Change Deployment,3
INC-2027222,2026-03-05 11:16:00,2026-03-05 13:20:48,104,3,P2 - High,2.08,8.0,0,0,Third-Party API Outage,4
INC-2027223,2026-05-12 12:14:00,2026-05-12 13:09:12,102,3,P1 - Critical,0.92,4.0,0,0,Database Deadlock / Query Timeout,2
INC-2027224,2026-01-05 13:23:00,2026-01-06 15:08:00,104,1,P3 - Medium,25.75,24.0,1,0,Unplanned Change Deployment,2
INC-2027225,2026-06-09 08:14:00,2026-06-09 09:57:12,102,2,P2 - High,1.72,8.0,0,0,Unplanned Change Deployment,5
INC-2027226,2026-06-01 17:48:00,2026-06-01 21:14:24,105,3,P1 - Critical,3.44,4.0,0,0,User Credential Lockout,4
INC-2027227,2026-03-07 19:05:00,2026-03-08 17:11:00,104,1,P4 - Low,22.1,48.0,0,1,User Credential Lockout,3
INC-2027228,2026-05-10 16:43:00,2026-05-11 03:47:12,101,1,P3 - Medium,11.07,24.0,0,1,Memory Leak in Application Service,4
INC-2027229,2026-07-01 16:57:00,2026-07-02 00:10:48,105,1,P3 - Medium,7.23,24.0,0,0,Network Packet Loss / Latency,5
INC-2027230,2026-05-30 21:57:00,2026-05-31 12:06:36,101,1,P3 - Medium,14.16,24.0,0,0,Configuration Drift,4
INC-2027231,2026-06-26 06:51:00,2026-06-26 16:16:12,104,2,P4 - Low,9.42,48.0,0,0,Unplanned Change Deployment,5
INC-2027232,2026-01-30 11:36:00,2026-01-30 20:02:24,103,2,P1 - Critical,8.44,4.0,1,0,User Credential Lockout,3
INC-2027233,2026-07-08 13:10:00,2026-07-10 21:20:12,101,3,P3 - Medium,56.17,24.0,1,0,Database Deadlock / Query Timeout,4
INC-2027234,2026-06-22 08:20:00,2026-06-23 16:12:48,101,1,P4 - Low,31.88,48.0,0,0,Unplanned Change Deployment,4
INC-2027235,2026-07-16 15:34:00,2026-07-17 09:07:00,101,1,P4 - Low,17.55,48.0,0,0,Network Packet Loss / Latency,5
INC-2027236,2026-07-15 03:11:00,2026-07-15 15:08:36,105,1,P3 - Medium,11.96,24.0,0,0,User Credential Lockout,4
INC-2027237,2026-05-02 00:48:00,2026-05-03 20:47:24,103,3,P4 - Low,43.99,48.0,0,0,Network Packet Loss / Latency,5
INC-2027238,2026-03-03 07:42:00,2026-03-08 02:19:48,103,2,P4 - Low,114.63,48.0,1,0,Unplanned Change Deployment,2
INC-2027239,2026-04-06 03:47:00,2026-04-07 21:27:12,102,2,P3 - Medium,41.67,24.0,1,0,Memory Leak in Application Service,5
INC-2027240,2026-01-20 03:03:00,2026-01-20 11:24:00,105,2,P3 - Medium,8.35,24.0,0,0,Configuration Drift,5
INC-2027241,2026-04-15 18:14:00,2026-04-15 23:13:24,101,1,P3 - Medium,4.99,24.0,0,0,Third-Party API Outage,5
INC-2027242,2026-04-12 11:52:00,2026-04-13 02:49:36,103,1,P3 - Medium,14.96,24.0,0,1,Third-Party API Outage,5
INC-2027243,2026-04-04 21:18:00,2026-04-07 07:27:36,102,1,P4 - Low,58.16,48.0,1,0,Memory Leak in Application Service,5
INC-2027244,2026-02-25 08:38:00,2026-02-25 18:34:24,102,2,P3 - Medium,9.94,24.0,0,0,Network Packet Loss / Latency,4
INC-2027245,2026-03-28 07:54:00,2026-03-28 14:08:24,101,2,P2 - High,6.24,8.0,0,0,Network Packet Loss / Latency,1
INC-2027246,2026-02-01 01:30:00,2026-02-02 06:36:00,102,1,P4 - Low,29.1,48.0,0,0,Third-Party API Outage,5
INC-2027247,2026-06-30 21:39:00,2026-07-01 08:28:12,104,1,P3 - Medium,10.82,24.0,0,0,Database Deadlock / Query Timeout,4
INC-2027248,2026-06-10 14:23:00,2026-06-10 20:11:36,105,2,P3 - Medium,5.81,24.0,0,1,Unplanned Change Deployment,4
INC-2027249,2026-05-06 23:19:00,2026-05-08 09:43:00,101,2,P3 - Medium,34.4,24.0,1,0,Configuration Drift,5
INC-2027250,2026-03-03 08:30:00,2026-03-03 12:32:24,104,2,P2 - High,4.04,8.0,0,0,Unplanned Change Deployment,4
INC-2027251,2026-07-14 05:14:00,2026-07-14 21:34:24,104,1,P3 - Medium,16.34,24.0,0,0,User Credential Lockout,4
INC-2027252,2026-04-06 22:51:00,2026-04-11 13:49:12,101,1,P4 - Low,110.97,48.0,1,0,Network Packet Loss / Latency,5
INC-2027253,2026-06-13 17:51:00,2026-06-13 20:48:00,105,2,P2 - High,2.95,8.0,0,0,Unplanned Change Deployment,5
INC-2027254,2026-01-16 06:25:00,2026-01-18 02:06:24,103,2,P3 - Medium,43.69,24.0,1,0,Third-Party API Outage,3
INC-2027255,2026-06-07 13:00:00,2026-06-07 15:37:12,103,2,P1 - Critical,2.62,4.0,0,0,Network Packet Loss / Latency,5
INC-2027256,2026-04-09 18:08:00,2026-04-09 22:32:00,105,1,P3 - Medium,4.4,24.0,0,1,User Credential Lockout,5
INC-2027257,2026-06-18 05:13:00,2026-06-19 16:34:36,105,1,P4 - Low,35.36,48.0,0,0,Third-Party API Outage,2
INC-2027258,2026-03-13 07:17:00,2026-03-13 23:30:48,102,1,P3 - Medium,16.23,24.0,0,0,Network Packet Loss / Latency,4
INC-2027259,2026-07-19 17:06:00,2026-07-20 18:35:24,101,2,P3 - Medium,25.49,24.0,1,0,Configuration Drift,4
INC-2027260,2026-05-31 01:32:00,2026-06-01 06:21:12,104,3,P3 - Medium,28.82,24.0,1,0,Network Packet Loss / Latency,5
INC-2027261,2026-03-22 05:17:00,2026-03-22 20:21:48,101,1,P4 - Low,15.08,48.0,0,0,Configuration Drift,4
INC-2027262,2026-02-03 19:23:00,2026-02-05 17:15:48,102,2,P3 - Medium,45.88,24.0,1,0,Memory Leak in Application Service,4
INC-2027263,2026-02-14 16:13:00,2026-02-14 21:04:00,105,1,P3 - Medium,4.85,24.0,0,0,Database Deadlock / Query Timeout,5
INC-2027264,2026-05-18 05:10:00,2026-05-18 12:05:12,105,1,P2 - High,6.92,8.0,0,0,Third-Party API Outage,4
INC-2027265,2026-03-09 14:31:00,2026-03-10 07:06:24,103,1,P3 - Medium,16.59,24.0,0,0,Network Packet Loss / Latency,4
INC-2027266,2026-06-20 08:19:00,2026-06-20 16:12:24,104,3,P4 - Low,7.89,48.0,0,0,Network Packet Loss / Latency,4
INC-2027267,2026-06-05 19:02:00,2026-06-06 11:03:12,103,1,P3 - Medium,16.02,24.0,0,0,Network Packet Loss / Latency,4
INC-2027268,2026-03-01 07:16:00,2026-03-01 23:22:36,101,1,P4 - Low,16.11,48.0,0,0,User Credential Lockout,5
INC-2027269,2026-05-22 19:33:00,2026-05-22 23:10:48,103,1,P3 - Medium,3.63,24.0,0,1,Database Deadlock / Query Timeout,4
INC-2027270,2026-06-10 17:48:00,2026-06-13 05:04:48,102,1,P3 - Medium,59.28,24.0,1,0,Memory Leak in Application Service,4
INC-2027271,2026-05-24 06:53:00,2026-05-24 08:57:12,102,2,P1 - Critical,2.07,4.0,0,0,Memory Leak in Application Service,3
INC-2027272,2026-06-07 08:21:00,2026-06-07 13:31:12,104,2,P2 - High,5.17,8.0,0,0,Unplanned Change Deployment,2
INC-2027273,2026-04-05 15:08:00,2026-04-06 18:52:24,105,1,P3 - Medium,27.74,24.0,1,0,Unplanned Change Deployment,2
INC-2027274,2026-04-02 13:44:00,2026-04-02 19:18:12,104,1,P4 - Low,5.57,48.0,0,0,Database Deadlock / Query Timeout,4
INC-2027275,2026-01-01 15:34:00,2026-01-02 23:29:12,103,1,P4 - Low,31.92,48.0,0,0,Database Deadlock / Query Timeout,1
INC-2027276,2026-05-01 10:06:00,2026-05-02 00:13:12,105,1,P3 - Medium,14.12,24.0,0,0,Unplanned Change Deployment,4
INC-2027277,2026-06-28 23:37:00,2026-06-29 10:15:24,101,1,P3 - Medium,10.64,24.0,0,0,Memory Leak in Application Service,2
INC-2027278,2026-03-24 13:28:00,2026-03-29 10:16:36,104,3,P4 - Low,116.81,48.0,1,1,Configuration Drift,5
INC-2027279,2026-07-15 05:33:00,2026-07-15 15:16:12,103,2,P3 - Medium,9.72,24.0,0,0,User Credential Lockout,4
INC-2027280,2026-01-21 10:17:00,2026-01-22 08:14:36,101,1,P3 - Medium,21.96,24.0,0,0,Network Packet Loss / Latency,4
INC-2027281,2026-07-14 23:38:00,2026-07-15 08:58:24,104,3,P3 - Medium,9.34,24.0,0,0,Third-Party API Outage,4
INC-2027282,2026-04-16 21:41:00,2026-04-17 09:41:36,101,2,P4 - Low,12.01,48.0,0,0,User Credential Lockout,3
INC-2027283,2026-03-11 21:00:00,2026-03-12 07:21:36,101,2,P3 - Medium,10.36,24.0,0,0,Unplanned Change Deployment,4
INC-2027284,2026-05-12 03:16:00,2026-05-12 10:05:12,104,1,P2 - High,6.82,8.0,0,1,Unplanned Change Deployment,4
INC-2027285,2026-03-11 07:33:00,2026-03-12 15:28:12,105,1,P3 - Medium,31.92,24.0,1,0,Database Deadlock / Query Timeout,5
INC-2027286,2026-06-28 10:58:00,2026-06-29 05:32:12,103,1,P3 - Medium,18.57,24.0,0,0,User Credential Lockout,5
INC-2027287,2026-07-14 17:38:00,2026-07-15 12:35:36,101,2,P3 - Medium,18.96,24.0,0,0,Configuration Drift,5
INC-2027288,2026-05-04 20:43:00,2026-05-07 01:19:36,101,1,P3 - Medium,52.61,24.0,1,0,User Credential Lockout,3
INC-2027289,2026-02-13 08:44:00,2026-02-14 16:12:48,105,2,P4 - Low,31.48,48.0,0,0,User Credential Lockout,4
INC-2027290,2026-07-15 16:32:00,2026-07-16 07:39:12,101,3,P2 - High,15.12,8.0,1,0,Configuration Drift,3
INC-2027291,2026-02-21 21:14:00,2026-02-22 00:01:24,105,1,P3 - Medium,2.79,24.0,0,0,Configuration Drift,4
INC-2027292,2026-03-30 16:35:00,2026-03-30 18:16:24,102,3,P2 - High,1.69,8.0,0,0,Unplanned Change Deployment,3
INC-2027293,2026-01-19 12:32:00,2026-01-19 18:54:48,101,3,P2 - High,6.38,8.0,0,0,User Credential Lockout,4
INC-2027294,2026-03-04 11:30:00,2026-03-04 12:07:12,101,2,P1 - Critical,0.62,4.0,0,0,Configuration Drift,5
INC-2027295,2026-07-01 08:06:00,2026-07-02 14:01:12,101,1,P4 - Low,29.92,48.0,0,0,Third-Party API Outage,5
INC-2027296,2026-03-16 02:42:00,2026-03-16 21:39:36,104,2,P3 - Medium,18.96,24.0,0,0,Network Packet Loss / Latency,5
INC-2027297,2026-02-14 07:35:00,2026-02-15 11:53:00,102,3,P4 - Low,28.3,48.0,0,0,Network Packet Loss / Latency,4
INC-2027298,2026-03-19 23:14:00,2026-03-21 04:14:00,103,1,P4 - Low,29.0,48.0,0,0,Configuration Drift,5
INC-2027299,2026-02-14 07:05:00,2026-02-15 18:47:36,102,3,P4 - Low,35.71,48.0,0,0,Unplanned Change Deployment,5
INC-2027300,2026-05-16 00:28:00,2026-05-16 11:49:00,105,1,P3 - Medium,11.35,24.0,0,0,Configuration Drift,4
INC-2027301,2026-02-18 21:24:00,2026-02-21 04:05:24,105,3,P3 - Medium,54.69,24.0,1,0,User Credential Lockout,5
INC-2027302,2026-02-27 18:28:00,2026-03-03 06:45:24,101,1,P4 - Low,84.29,48.0,1,0,Configuration Drift,4
INC-2027303,2026-03-07 15:44:00,2026-03-09 01:22:24,105,1,P4 - Low,33.64,48.0,0,1,Network Packet Loss / Latency,3
INC-2027304,2026-06-01 21:00:00,2026-06-02 15:33:36,104,2,P3 - Medium,18.56,24.0,0,0,Unplanned Change Deployment,4
INC-2027305,2026-02-16 12:48:00,2026-02-17 04:15:00,105,2,P3 - Medium,15.45,24.0,0,0,User Credential Lockout,2
INC-2027306,2026-05-31 08:23:00,2026-05-31 10:22:24,101,2,P2 - High,1.99,8.0,0,0,Memory Leak in Application Service,4
INC-2027307,2026-03-07 20:52:00,2026-03-08 11:45:24,101,1,P3 - Medium,14.89,24.0,0,0,Unplanned Change Deployment,5
INC-2027308,2026-04-20 23:55:00,2026-04-21 00:44:48,102,2,P2 - High,0.83,8.0,0,0,Database Deadlock / Query Timeout,4
INC-2027309,2026-02-13 02:47:00,2026-02-14 01:06:48,105,1,P3 - Medium,22.33,24.0,0,0,Network Packet Loss / Latency,1
INC-2027310,2026-07-16 20:10:00,2026-07-17 08:02:12,102,2,P3 - Medium,11.87,24.0,0,0,Network Packet Loss / Latency,4
INC-2027311,2026-01-20 15:43:00,2026-01-22 05:01:00,104,1,P4 - Low,37.3,48.0,0,0,User Credential Lockout,5
INC-2027312,2026-03-06 12:44:00,2026-03-07 09:57:12,101,1,P3 - Medium,21.22,24.0,0,0,Unplanned Change Deployment,5
INC-2027313,2026-05-13 22:22:00,2026-05-14 09:38:12,103,1,P3 - Medium,11.27,24.0,0,0,Memory Leak in Application Service,5
INC-2027314,2026-06-15 07:39:00,2026-06-17 10:37:12,105,1,P3 - Medium,50.97,24.0,1,0,Database Deadlock / Query Timeout,4
INC-2027315,2026-02-27 21:01:00,2026-02-27 23:04:00,101,3,P1 - Critical,2.05,4.0,0,0,Configuration Drift,5
INC-2027316,2026-03-28 00:04:00,2026-03-28 04:53:48,103,3,P2 - High,4.83,8.0,0,0,User Credential Lockout,2
INC-2027317,2026-03-14 16:42:00,2026-03-16 10:09:00,102,1,P4 - Low,41.45,48.0,0,0,Third-Party API Outage,4
INC-2027318,2026-02-10 10:21:00,2026-02-10 19:09:00,104,1,P4 - Low,8.8,48.0,0,0,Third-Party API Outage,3
INC-2027319,2026-03-15 03:14:00,2026-03-15 05:32:00,104,3,P2 - High,2.3,8.0,0,0,Memory Leak in Application Service,3
INC-2027320,2026-06-26 16:49:00,2026-06-27 06:16:36,102,2,P2 - High,13.46,8.0,1,1,Memory Leak in Application Service,4
INC-2027321,2026-06-15 23:46:00,2026-06-16 19:48:24,104,1,P4 - Low,20.04,48.0,0,0,Unplanned Change Deployment,5
INC-2027322,2026-03-13 00:33:00,2026-03-13 22:51:00,102,2,P3 - Medium,22.3,24.0,0,2,Network Packet Loss / Latency,2
INC-2027323,2026-02-16 15:35:00,2026-02-17 06:35:00,103,3,P2 - High,15.0,8.0,1,0,Database Deadlock / Query Timeout,3
INC-2027324,2026-02-10 18:53:00,2026-02-10 20:50:36,102,2,P1 - Critical,1.96,4.0,0,0,Third-Party API Outage,3
INC-2027325,2026-05-06 10:12:00,2026-05-06 18:37:12,102,2,P3 - Medium,8.42,24.0,0,0,Third-Party API Outage,1
INC-2027326,2026-03-04 04:55:00,2026-03-05 08:16:00,102,1,P4 - Low,27.35,48.0,0,0,Configuration Drift,5
INC-2027327,2026-05-31 05:27:00,2026-05-31 17:49:48,102,1,P3 - Medium,12.38,24.0,0,0,Memory Leak in Application Service,4
INC-2027328,2026-06-22 17:24:00,2026-06-23 09:35:24,104,2,P4 - Low,16.19,48.0,0,0,Unplanned Change Deployment,4
INC-2027329,2026-04-01 03:17:00,2026-04-02 01:48:12,102,3,P4 - Low,22.52,48.0,0,0,Memory Leak in Application Service,4
INC-2027330,2026-02-24 13:43:00,2026-02-24 20:37:36,104,3,P2 - High,6.91,8.0,0,0,Configuration Drift,4
INC-2027331,2026-01-15 22:02:00,2026-01-16 03:49:24,105,2,P2 - High,5.79,8.0,0,0,Configuration Drift,5
INC-2027332,2026-06-05 07:48:00,2026-06-05 09:49:48,101,3,P1 - Critical,2.03,4.0,0,0,User Credential Lockout,3
INC-2027333,2026-06-30 15:52:00,2026-07-01 05:39:24,101,1,P3 - Medium,13.79,24.0,0,0,Unplanned Change Deployment,4
INC-2027334,2026-05-29 09:04:00,2026-05-29 10:46:00,103,2,P2 - High,1.7,8.0,0,1,Database Deadlock / Query Timeout,5
INC-2027335,2026-02-03 08:48:00,2026-02-05 09:16:48,102,1,P3 - Medium,48.48,24.0,1,1,Unplanned Change Deployment,1
INC-2027336,2026-06-17 13:16:00,2026-06-19 00:33:24,101,3,P4 - Low,35.29,48.0,0,0,User Credential Lockout,3
INC-2027337,2026-06-19 04:24:00,2026-06-20 20:52:12,104,1,P4 - Low,40.47,48.0,0,0,Database Deadlock / Query Timeout,4
INC-2027338,2026-05-16 04:47:00,2026-05-16 21:32:36,101,2,P3 - Medium,16.76,24.0,0,0,Third-Party API Outage,5
INC-2027339,2026-01-27 01:46:00,2026-01-27 07:16:00,105,2,P2 - High,5.5,8.0,0,0,Configuration Drift,4
INC-2027340,2026-04-19 07:38:00,2026-04-19 10:15:48,105,3,P2 - High,2.63,8.0,0,0,Memory Leak in Application Service,4
INC-2027341,2026-03-17 18:04:00,2026-03-17 22:07:00,103,1,P3 - Medium,4.05,24.0,0,0,Unplanned Change Deployment,4
INC-2027342,2026-01-21 06:57:00,2026-01-22 03:54:36,103,3,P3 - Medium,20.96,24.0,0,0,Configuration Drift,4
INC-2027343,2026-02-10 17:38:00,2026-02-11 17:25:24,101,1,P4 - Low,23.79,48.0,0,0,Network Packet Loss / Latency,4
INC-2027344,2026-05-14 17:56:00,2026-05-15 07:44:00,101,2,P3 - Medium,13.8,24.0,0,0,Memory Leak in Application Service,5
INC-2027345,2026-03-16 20:48:00,2026-03-18 09:39:36,105,1,P3 - Medium,36.86,24.0,1,0,Configuration Drift,3
INC-2027346,2026-06-24 13:08:00,2026-06-24 19:03:12,102,2,P2 - High,5.92,8.0,0,0,Third-Party API Outage,1
INC-2027347,2026-03-24 09:54:00,2026-03-25 06:37:12,105,1,P3 - Medium,20.72,24.0,0,0,Unplanned Change Deployment,5
INC-2027348,2026-06-04 07:36:00,2026-06-04 11:17:24,103,2,P3 - Medium,3.69,24.0,0,0,User Credential Lockout,4
INC-2027349,2026-06-27 08:42:00,2026-06-28 23:21:00,104,1,P4 - Low,38.65,48.0,0,0,Unplanned Change Deployment,4
INC-2027350,2026-07-13 23:51:00,2026-07-14 04:16:12,103,2,P2 - High,4.42,8.0,0,0,User Credential Lockout,5
INC-2027351,2026-05-15 08:54:00,2026-05-15 16:07:48,101,3,P2 - High,7.23,8.0,0,1,Database Deadlock / Query Timeout,3
INC-2027352,2026-06-17 00:57:00,2026-06-18 15:45:00,102,2,P3 - Medium,38.8,24.0,1,1,Network Packet Loss / Latency,4
INC-2027353,2026-01-29 08:22:00,2026-01-30 19:10:00,102,1,P3 - Medium,34.8,24.0,1,0,User Credential Lockout,4
INC-2027354,2026-02-25 03:04:00,2026-02-25 16:05:12,101,1,P3 - Medium,13.02,24.0,0,0,Network Packet Loss / Latency,4
INC-2027355,2026-06-01 23:45:00,2026-06-02 13:12:00,102,1,P3 - Medium,13.45,24.0,0,0,User Credential Lockout,4
INC-2027356,2026-05-07 13:30:00,2026-05-07 19:19:12,101,2,P2 - High,5.82,8.0,0,1,Network Packet Loss / Latency,4
INC-2027357,2026-03-11 04:02:00,2026-03-13 11:34:24,102,1,P3 - Medium,55.54,24.0,1,2,Third-Party API Outage,3
INC-2027358,2026-07-09 12:30:00,2026-07-09 23:18:00,103,2,P3 - Medium,10.8,24.0,0,0,Unplanned Change Deployment,2
INC-2027359,2026-04-30 03:18:00,2026-04-30 19:16:48,105,1,P3 - Medium,15.98,24.0,0,0,Third-Party API Outage,5
INC-2027360,2026-07-20 00:35:00,2026-07-20 03:27:12,102,3,P2 - High,2.87,8.0,0,0,Third-Party API Outage,5
INC-2027361,2026-04-22 22:11:00,2026-04-23 05:53:00,104,1,P3 - Medium,7.7,24.0,0,0,Network Packet Loss / Latency,5
INC-2027362,2026-04-16 05:51:00,2026-04-16 06:24:36,103,2,P1 - Critical,0.56,4.0,0,0,Network Packet Loss / Latency,4
INC-2027363,2026-06-16 07:56:00,2026-06-16 22:57:12,102,1,P3 - Medium,15.02,24.0,0,0,Unplanned Change Deployment,3
INC-2027364,2026-07-15 05:40:00,2026-07-15 13:05:12,102,2,P2 - High,7.42,8.0,0,0,Database Deadlock / Query Timeout,3
INC-2027365,2026-03-28 22:50:00,2026-03-31 10:36:48,105,1,P3 - Medium,59.78,24.0,1,1,Database Deadlock / Query Timeout,5
INC-2027366,2026-06-10 20:32:00,2026-06-11 08:51:48,105,1,P4 - Low,12.33,48.0,0,0,Unplanned Change Deployment,4
INC-2027367,2026-01-13 23:07:00,2026-01-14 06:34:00,102,2,P2 - High,7.45,8.0,0,0,Network Packet Loss / Latency,5
INC-2027368,2026-06-13 14:25:00,2026-06-14 01:50:48,103,1,P4 - Low,11.43,48.0,0,0,Configuration Drift,4
INC-2027369,2026-01-10 09:47:00,2026-01-10 11:53:00,102,3,P1 - Critical,2.1,4.0,0,0,User Credential Lockout,4
INC-2027370,2026-04-27 22:06:00,2026-04-28 20:17:24,105,2,P3 - Medium,22.19,24.0,0,0,Memory Leak in Application Service,4
INC-2027371,2026-05-01 22:46:00,2026-05-02 15:37:36,103,1,P4 - Low,16.86,48.0,0,0,Third-Party API Outage,5
INC-2027372,2026-02-23 21:14:00,2026-02-24 14:29:36,104,3,P3 - Medium,17.26,24.0,0,0,Network Packet Loss / Latency,4
INC-2027373,2026-02-11 05:25:00,2026-02-12 02:10:36,102,3,P3 - Medium,20.76,24.0,0,0,Unplanned Change Deployment,5
INC-2027374,2026-02-12 21:16:00,2026-02-13 07:51:24,102,1,P3 - Medium,10.59,24.0,0,0,User Credential Lockout,4
INC-2027375,2026-05-11 10:57:00,2026-05-12 14:04:12,102,2,P3 - Medium,27.12,24.0,1,0,Memory Leak in Application Service,4
INC-2027376,2026-07-12 00:02:00,2026-07-12 21:31:24,103,1,P3 - Medium,21.49,24.0,0,0,Database Deadlock / Query Timeout,4
INC-2027377,2026-01-09 13:01:00,2026-01-11 19:46:36,101,1,P3 - Medium,54.76,24.0,1,0,Memory Leak in Application Service,4
INC-2027378,2026-05-24 22:31:00,2026-05-25 01:28:36,105,2,P2 - High,2.96,8.0,0,0,Memory Leak in Application Service,5
INC-2027379,2026-01-21 17:45:00,2026-01-22 13:16:48,102,2,P4 - Low,19.53,48.0,0,0,Unplanned Change Deployment,5
INC-2027380,2026-06-06 00:46:00,2026-06-06 20:46:36,103,2,P4 - Low,20.01,48.0,0,0,Network Packet Loss / Latency,4
INC-2027381,2026-05-09 06:11:00,2026-05-10 05:09:48,105,1,P4 - Low,22.98,48.0,0,0,Configuration Drift,4
INC-2027382,2026-03-20 20:46:00,2026-03-21 08:13:36,104,1,P3 - Medium,11.46,24.0,0,0,Third-Party API Outage,2
INC-2027383,2026-06-11 10:39:00,2026-06-12 05:29:24,104,1,P3 - Medium,18.84,24.0,0,0,Unplanned Change Deployment,3
INC-2027384,2026-06-01 03:16:00,2026-06-03 00:53:48,101,2,P3 - Medium,45.63,24.0,1,0,Database Deadlock / Query Timeout,3
INC-2027385,2026-03-17 23:38:00,2026-03-18 07:09:12,105,3,P2 - High,7.52,8.0,0,0,Network Packet Loss / Latency,4
INC-2027386,2026-01-25 09:43:00,2026-01-25 14:32:12,104,2,P2 - High,4.82,8.0,0,0,Configuration Drift,5
INC-2027387,2026-01-03 17:50:00,2026-01-04 14:53:00,104,1,P3 - Medium,21.05,24.0,0,0,Database Deadlock / Query Timeout,2
INC-2027388,2026-06-18 14:03:00,2026-06-18 19:59:24,102,2,P2 - High,5.94,8.0,0,0,Database Deadlock / Query Timeout,4
INC-2027389,2026-03-10 01:20:00,2026-03-10 17:56:36,104,2,P4 - Low,16.61,48.0,0,0,Configuration Drift,5
INC-2027390,2026-04-21 06:51:00,2026-04-21 09:43:12,105,3,P2 - High,2.87,8.0,0,0,Unplanned Change Deployment,4
INC-2027391,2026-06-19 01:42:00,2026-06-19 20:14:24,102,3,P3 - Medium,18.54,24.0,0,0,Network Packet Loss / Latency,4
INC-2027392,2026-04-20 14:55:00,2026-04-22 05:45:24,104,1,P4 - Low,38.84,48.0,0,0,Configuration Drift,5
INC-2027393,2026-04-16 01:51:00,2026-04-17 02:43:12,102,3,P4 - Low,24.87,48.0,0,1,Configuration Drift,2
INC-2027394,2026-02-13 18:56:00,2026-02-14 19:51:12,101,2,P4 - Low,24.92,48.0,0,0,Memory Leak in Application Service,3
INC-2027395,2026-05-13 01:06:00,2026-05-13 15:02:24,103,3,P3 - Medium,13.94,24.0,0,1,Unplanned Change Deployment,4
INC-2027396,2026-06-23 15:42:00,2026-06-23 18:52:48,103,2,P1 - Critical,3.18,4.0,0,0,Memory Leak in Application Service,5
INC-2027397,2026-01-07 17:18:00,2026-01-07 23:01:12,101,1,P3 - Medium,5.72,24.0,0,0,Database Deadlock / Query Timeout,4
INC-2027398,2026-04-27 17:24:00,2026-04-29 02:29:24,103,2,P4 - Low,33.09,48.0,0,0,Database Deadlock / Query Timeout,4
INC-2027399,2026-01-20 14:08:00,2026-01-20 15:57:48,103,3,P1 - Critical,1.83,4.0,0,0,Configuration Drift,4
INC-2027400,2026-04-16 20:48:00,2026-04-17 12:13:48,101,2,P3 - Medium,15.43,24.0,0,0,Memory Leak in Application Service,5
INC-2027401,2026-03-12 21:34:00,2026-03-12 23:37:00,101,2,P2 - High,2.05,8.0,0,0,Memory Leak in Application Service,4
INC-2027402,2026-03-03 04:27:00,2026-03-03 07:49:12,103,3,P1 - Critical,3.37,4.0,0,0,Network Packet Loss / Latency,5
INC-2027403,2026-05-13 07:46:00,2026-05-15 05:09:24,102,1,P3 - Medium,45.39,24.0,1,0,Configuration Drift,4
INC-2027404,2026-02-20 04:40:00,2026-02-21 00:41:12,104,1,P4 - Low,20.02,48.0,0,0,User Credential Lockout,5
INC-2027405,2026-05-05 05:42:00,2026-05-05 17:09:00,102,1,P4 - Low,11.45,48.0,0,0,Database Deadlock / Query Timeout,3
INC-2027406,2026-07-03 14:37:00,2026-07-03 16:41:48,105,3,P2 - High,2.08,8.0,0,0,Memory Leak in Application Service,5
INC-2027407,2026-07-11 17:13:00,2026-07-11 20:02:12,101,3,P1 - Critical,2.82,4.0,0,0,User Credential Lockout,4
INC-2027408,2026-06-17 23:50:00,2026-06-18 04:36:48,102,1,P3 - Medium,4.78,24.0,0,0,Configuration Drift,4
INC-2027409,2026-06-24 22:05:00,2026-06-25 03:35:00,102,2,P2 - High,5.5,8.0,0,0,Third-Party API Outage,2
INC-2027410,2026-06-11 05:42:00,2026-06-11 20:17:24,103,2,P3 - Medium,14.59,24.0,0,0,Database Deadlock / Query Timeout,2
INC-2027411,2026-04-22 06:22:00,2026-04-24 11:55:00,102,2,P3 - Medium,53.55,24.0,1,0,Database Deadlock / Query Timeout,4
INC-2027412,2026-02-22 03:57:00,2026-02-22 12:37:12,102,1,P3 - Medium,8.67,24.0,0,0,Database Deadlock / Query Timeout,5
INC-2027413,2026-01-29 22:51:00,2026-01-30 16:49:12,101,1,P3 - Medium,17.97,24.0,0,0,Configuration Drift,4
INC-2027414,2026-01-08 04:19:00,2026-01-08 10:16:00,101,2,P2 - High,5.95,8.0,0,0,Database Deadlock / Query Timeout,3
INC-2027415,2026-02-09 14:07:00,2026-02-11 14:16:36,105,2,P3 - Medium,48.16,24.0,1,1,Configuration Drift,4
INC-2027416,2026-06-21 02:54:00,2026-06-21 14:13:48,101,2,P2 - High,11.33,8.0,1,0,Network Packet Loss / Latency,4
INC-2027417,2026-01-05 01:45:00,2026-01-05 20:06:36,105,2,P3 - Medium,18.36,24.0,0,0,Database Deadlock / Query Timeout,5
INC-2027418,2026-03-15 03:50:00,2026-03-15 05:26:00,101,3,P1 - Critical,1.6,4.0,0,0,Database Deadlock / Query Timeout,4
INC-2027419,2026-04-12 07:44:00,2026-04-12 17:14:00,102,1,P3 - Medium,9.5,24.0,0,1,Third-Party API Outage,1
INC-2027420,2026-07-02 14:36:00,2026-07-03 05:30:00,105,1,P3 - Medium,14.9,24.0,0,0,Memory Leak in Application Service,3
INC-2027421,2026-01-26 05:08:00,2026-01-26 20:14:36,101,2,P2 - High,15.11,8.0,1,1,Memory Leak in Application Service,3
INC-2027422,2026-03-21 08:09:00,2026-03-21 15:30:36,102,3,P2 - High,7.36,8.0,0,0,Third-Party API Outage,5
INC-2027423,2026-07-15 21:28:00,2026-07-16 14:16:36,102,2,P2 - High,16.81,8.0,1,0,Memory Leak in Application Service,3
INC-2027424,2026-06-23 04:07:00,2026-06-23 18:32:12,104,1,P3 - Medium,14.42,24.0,0,0,Unplanned Change Deployment,4
INC-2027425,2026-02-09 09:48:00,2026-02-09 19:26:24,104,1,P3 - Medium,9.64,24.0,0,2,User Credential Lockout,4
INC-2027426,2026-03-20 08:21:00,2026-03-20 11:55:12,103,2,P2 - High,3.57,8.0,0,0,Configuration Drift,4
INC-2027427,2026-06-19 23:06:00,2026-06-22 10:57:36,103,1,P4 - Low,59.86,48.0,1,1,Unplanned Change Deployment,3
INC-2027428,2026-04-16 06:57:00,2026-04-16 10:10:48,103,3,P3 - Medium,3.23,24.0,0,0,User Credential Lockout,5
INC-2027429,2026-02-12 11:11:00,2026-02-12 22:54:12,103,3,P3 - Medium,11.72,24.0,0,0,Unplanned Change Deployment,4
INC-2027430,2026-06-11 23:20:00,2026-06-12 02:54:12,104,2,P2 - High,3.57,8.0,0,0,Database Deadlock / Query Timeout,3
INC-2027431,2026-01-26 16:15:00,2026-01-26 22:30:36,103,2,P2 - High,6.26,8.0,0,0,Database Deadlock / Query Timeout,3
INC-2027432,2026-01-05 23:43:00,2026-01-06 03:51:24,101,2,P2 - High,4.14,8.0,0,0,User Credential Lockout,2
INC-2027433,2026-06-09 19:48:00,2026-06-10 01:12:00,101,3,P2 - High,5.4,8.0,0,0,Database Deadlock / Query Timeout,4
INC-2027434,2026-05-25 01:54:00,2026-05-25 16:21:00,101,1,P3 - Medium,14.45,24.0,0,0,Unplanned Change Deployment,4
INC-2027435,2026-03-03 18:19:00,2026-03-06 05:27:24,103,1,P3 - Medium,59.14,24.0,1,0,Database Deadlock / Query Timeout,4
INC-2027436,2026-05-28 12:43:00,2026-06-02 01:26:48,104,1,P4 - Low,108.73,48.0,1,0,Network Packet Loss / Latency,5
INC-2027437,2026-04-10 17:16:00,2026-04-10 23:31:00,104,2,P2 - High,6.25,8.0,0,0,Network Packet Loss / Latency,5
INC-2027438,2026-06-23 13:50:00,2026-06-25 09:24:12,104,2,P4 - Low,43.57,48.0,0,0,Memory Leak in Application Service,5
INC-2027439,2026-04-12 20:59:00,2026-04-13 10:39:12,101,3,P2 - High,13.67,8.0,1,1,Network Packet Loss / Latency,4
INC-2027440,2026-06-28 11:55:00,2026-06-29 03:08:12,102,1,P3 - Medium,15.22,24.0,0,0,Configuration Drift,4
INC-2027441,2026-02-06 14:20:00,2026-02-08 05:00:48,104,3,P4 - Low,38.68,48.0,0,1,Unplanned Change Deployment,3
INC-2027442,2026-01-11 01:44:00,2026-01-11 22:08:36,103,2,P4 - Low,20.41,48.0,0,0,Database Deadlock / Query Timeout,2
INC-2027443,2026-04-21 13:29:00,2026-04-21 14:56:36,101,3,P2 - High,1.46,8.0,0,0,Unplanned Change Deployment,5
INC-2027444,2026-07-09 15:22:00,2026-07-09 21:33:24,102,3,P2 - High,6.19,8.0,0,0,Network Packet Loss / Latency,4
INC-2027445,2026-07-01 14:42:00,2026-07-01 22:26:24,103,1,P3 - Medium,7.74,24.0,0,0,Third-Party API Outage,3
INC-2027446,2026-07-17 03:12:00,2026-07-18 01:01:48,101,1,P3 - Medium,21.83,24.0,0,0,User Credential Lockout,3
INC-2027447,2026-02-13 17:00:00,2026-02-13 18:28:12,104,3,P1 - Critical,1.47,4.0,0,0,User Credential Lockout,5
INC-2027448,2026-06-17 16:32:00,2026-06-20 07:14:36,103,1,P4 - Low,62.71,48.0,1,0,Unplanned Change Deployment,4
INC-2027449,2026-03-02 02:18:00,2026-03-02 12:35:24,104,3,P4 - Low,10.29,48.0,0,0,User Credential Lockout,5
INC-2027450,2026-02-10 03:47:00,2026-02-10 07:55:24,105,3,P2 - High,4.14,8.0,0,1,Unplanned Change Deployment,3
INC-2027451,2026-07-16 17:16:00,2026-07-16 21:18:24,102,2,P2 - High,4.04,8.0,0,0,Memory Leak in Application Service,5
INC-2027452,2026-01-21 15:02:00,2026-01-22 03:31:24,104,1,P3 - Medium,12.49,24.0,0,0,Memory Leak in Application Service,5
INC-2027453,2026-05-09 18:29:00,2026-05-10 02:41:00,101,1,P3 - Medium,8.2,24.0,0,0,Configuration Drift,5
INC-2027454,2026-01-17 18:15:00,2026-01-20 22:09:00,105,1,P4 - Low,75.9,48.0,1,0,Configuration Drift,2
INC-2027455,2026-05-05 13:56:00,2026-05-05 17:38:36,103,2,P2 - High,3.71,8.0,0,1,User Credential Lockout,4
INC-2027456,2026-05-09 05:26:00,2026-05-12 00:50:00,102,1,P4 - Low,67.4,48.0,1,0,Unplanned Change Deployment,5
INC-2027457,2026-04-24 23:10:00,2026-04-25 06:09:24,101,2,P2 - High,6.99,8.0,0,0,Third-Party API Outage,2
INC-2027458,2026-04-22 08:21:00,2026-04-23 15:27:36,105,1,P3 - Medium,31.11,24.0,1,2,Network Packet Loss / Latency,4
INC-2027459,2026-01-14 22:36:00,2026-01-16 14:37:48,105,1,P4 - Low,40.03,48.0,0,0,Memory Leak in Application Service,4
INC-2027460,2026-06-03 16:15:00,2026-06-05 01:27:00,105,1,P4 - Low,33.2,48.0,0,0,Configuration Drift,4
INC-2027461,2026-04-26 13:44:00,2026-04-27 00:05:36,105,1,P3 - Medium,10.36,24.0,0,0,Configuration Drift,1
INC-2027462,2026-06-28 03:20:00,2026-07-02 04:43:24,103,1,P4 - Low,97.39,48.0,1,0,User Credential Lockout,5
INC-2027463,2026-07-03 09:15:00,2026-07-04 01:15:36,102,1,P3 - Medium,16.01,24.0,0,0,Memory Leak in Application Service,5
INC-2027464,2026-04-20 09:15:00,2026-04-21 07:50:24,104,2,P4 - Low,22.59,48.0,0,0,Unplanned Change Deployment,5
INC-2027465,2026-01-28 18:09:00,2026-01-28 22:35:24,103,1,P2 - High,4.44,8.0,0,0,Network Packet Loss / Latency,4
INC-2027466,2026-01-18 15:20:00,2026-01-19 05:26:00,102,1,P3 - Medium,14.1,24.0,0,0,Memory Leak in Application Service,4
INC-2027467,2026-02-03 19:32:00,2026-02-04 09:44:00,105,1,P3 - Medium,14.2,24.0,0,0,Network Packet Loss / Latency,3
INC-2027468,2026-04-10 20:41:00,2026-04-15 06:50:36,104,1,P4 - Low,106.16,48.0,1,0,User Credential Lockout,3
INC-2027469,2026-03-18 16:43:00,2026-03-18 20:40:36,103,2,P3 - Medium,3.96,24.0,0,0,Memory Leak in Application Service,4
INC-2027470,2026-04-20 12:38:00,2026-04-21 15:27:48,102,2,P4 - Low,26.83,48.0,0,0,User Credential Lockout,4
INC-2027471,2026-05-27 19:21:00,2026-05-27 23:39:00,105,2,P2 - High,4.3,8.0,0,0,Database Deadlock / Query Timeout,5
INC-2027472,2026-01-08 02:33:00,2026-01-08 15:28:48,102,1,P3 - Medium,12.93,24.0,0,0,Memory Leak in Application Service,5
INC-2027473,2026-07-02 02:06:00,2026-07-03 22:09:00,104,1,P4 - Low,44.05,48.0,0,0,Network Packet Loss / Latency,4
INC-2027474,2026-07-14 06:58:00,2026-07-15 02:46:00,104,1,P3 - Medium,19.8,24.0,0,0,Memory Leak in Application Service,3
INC-2027475,2026-01-23 03:15:00,2026-01-23 22:54:36,102,1,P4 - Low,19.66,48.0,0,1,Database Deadlock / Query Timeout,4
INC-2027476,2026-02-25 02:51:00,2026-02-25 20:52:12,104,1,P3 - Medium,18.02,24.0,0,0,User Credential Lockout,4
INC-2027477,2026-04-27 08:26:00,2026-04-27 15:26:00,102,2,P2 - High,7.0,8.0,0,0,Third-Party API Outage,5
INC-2027478,2026-05-31 11:56:00,2026-05-31 14:41:00,102,2,P2 - High,2.75,8.0,0,0,Network Packet Loss / Latency,5
INC-2027479,2026-03-28 07:20:00,2026-03-28 12:03:12,102,1,P3 - Medium,4.72,24.0,0,0,Configuration Drift,2
INC-2027480,2026-03-31 17:58:00,2026-04-01 11:26:12,104,2,P4 - Low,17.47,48.0,0,0,Memory Leak in Application Service,4
INC-2027481,2026-06-09 02:59:00,2026-06-09 09:56:36,102,3,P2 - High,6.96,8.0,0,0,Database Deadlock / Query Timeout,4
INC-2027482,2026-04-10 14:59:00,2026-04-11 02:23:00,103,3,P2 - High,11.4,8.0,1,0,Unplanned Change Deployment,4
INC-2027483,2026-03-06 09:46:00,2026-03-06 13:01:36,104,2,P3 - Medium,3.26,24.0,0,0,Third-Party API Outage,4
INC-2027484,2026-01-08 13:57:00,2026-01-09 08:45:00,103,3,P2 - High,18.8,8.0,1,0,Memory Leak in Application Service,5
INC-2027485,2026-04-19 19:46:00,2026-04-20 16:32:12,104,1,P3 - Medium,20.77,24.0,0,0,Network Packet Loss / Latency,4
INC-2027486,2026-02-03 05:06:00,2026-02-04 00:37:48,102,1,P3 - Medium,19.53,24.0,0,0,Database Deadlock / Query Timeout,5
INC-2027487,2026-02-11 02:04:00,2026-02-12 03:16:36,101,1,P4 - Low,25.21,48.0,0,0,Memory Leak in Application Service,1
INC-2027488,2026-07-11 13:47:00,2026-07-12 10:14:00,102,2,P3 - Medium,20.45,24.0,0,0,Memory Leak in Application Service,3
INC-2027489,2026-02-14 20:28:00,2026-02-15 14:03:24,105,2,P4 - Low,17.59,48.0,0,0,Unplanned Change Deployment,4
INC-2027490,2026-05-23 07:26:00,2026-05-24 01:00:48,104,1,P3 - Medium,17.58,24.0,0,0,Database Deadlock / Query Timeout,5
INC-2027491,2026-02-22 20:43:00,2026-02-24 05:22:00,103,3,P3 - Medium,32.65,24.0,1,0,User Credential Lockout,5
INC-2027492,2026-05-30 00:26:00,2026-05-30 14:51:48,104,2,P3 - Medium,14.43,24.0,0,1,Memory Leak in Application Service,2
INC-2027493,2026-05-17 18:13:00,2026-05-18 03:37:36,105,2,P4 - Low,9.41,48.0,0,0,User Credential Lockout,3
INC-2027494,2026-06-23 05:20:00,2026-06-25 01:26:00,102,2,P4 - Low,44.1,48.0,0,0,Network Packet Loss / Latency,5
INC-2027495,2026-06-23 08:33:00,2026-06-23 11:44:24,101,2,P1 - Critical,3.19,4.0,0,0,Unplanned Change Deployment,4
INC-2027496,2026-01-14 00:10:00,2026-01-14 16:04:36,101,1,P3 - Medium,15.91,24.0,0,1,Unplanned Change Deployment,2
INC-2027497,2026-03-29 14:19:00,2026-03-29 17:44:12,103,1,P2 - High,3.42,8.0,0,0,Third-Party API Outage,5
INC-2027498,2026-02-14 18:31:00,2026-02-15 01:44:12,104,2,P3 - Medium,7.22,24.0,0,0,User Credential Lockout,4
INC-2027499,2026-01-04 04:44:00,2026-01-04 15:09:12,103,1,P3 - Medium,10.42,24.0,0,0,Network Packet Loss / Latency,4
INC-2027500,2026-02-03 04:37:00,2026-02-03 22:27:24,103,2,P3 - Medium,17.84,24.0,0,0,Database Deadlock / Query Timeout,3
